Workbook

Sheet Sheet1
A1: Activity Category | B1: Cost Code | C1: Section | D1: Activity | E1: Claude Start | F1: Claude Finish | G1: Start Date | H1: Finish Date | I1: Total Hrs | J1: 46194 | K1: 46201 | L1: 46208 | M1: 46215 | N1: 46222 | O1: 46229 | P1: 46236 | Q1: 46243 | R1: 46250 | S1: 46257 | T1: 46264 | U1: 46271 | V1: 46278 | W1: 46285 | X1: 46292 | Y1: 46299 | Z1: 46306 | AA1: 46313 | AB1: 46320 | AC1: 46327 | AD1: 46334 | AE1: 46341 | AF1: 46348 | AG1: 46355 | AH1: 46362 | AI1: 46369 | AJ1: 46376 | AK1: 46383 | AL1: 46390 | AM1: 46397 | AN1: 46404 | AO1: 46411 | AP1: 46418 | AQ1: 46425 | AR1: 46432 | AS1: 46439 | AT1: 46446 | AU1: 46453 | AV1: 46460 | AW1: 46467 | AX1: 46474 | AY1: 46481 | AZ1: 46488 | BA1: 46495 | BB1: 46502 | BC1: 46509 | BD1: 46516 | BE1: 46523 | BF1: 46530 | BG1: 46537 | BH1: 46544 | BI1: 46551 | BJ1: 46558 | BK1: 46565 | BL1: 46572 | BM1: 46579 | BN1: 46586 | BO1: 46593 | BP1: 46600 | BQ1: 46607 | BR1: 46614 | BS1: 46621 | BT1: 46628 | BU1: 46635 | BV1: 46642 | BW1: 46649 | BX1: 46656 | BY1: 46663 | BZ1: 46670 | CA1: 46677 | CB1: 46684 | CC1: 46691 | CD1: 46698 | CE1: 46705 | CF1: 46712 | CG1: 46719 | CH1: 46726 | CI1: 46733 | CJ1: 46740 | CK1: 46747 | CL1: 46754 | CM1: 46761 | CN1: 46768 | CO1: 46775 | CP1: 46782 | CQ1: 46789 | CR1: 46796 | CS1: 46803 | CT1: 46810 | CU1: 46817 | CV1: 46824 | CW1: 46831 | CX1: 46838 | CY1: 46845 | CZ1: 46852 | DA1: 46859 | DB1: 46866 | DC1: 46873 | DD1: 46880 | DE1: 46887 | DF1: 46894 | DG1: 46901 | DH1: 46908 | DI1: 46915 | DJ1: 46922 | DK1: 46929 | DL1: 46936 | DM1: 46943 | DN1: 46950 | DO1: 46957 | DP1: 46964 | DQ1: 46971 | DR1: 46978 | DS1: 46985 | DT1: 46992 | DU1: 46999 | DV1: 47006 | DW1: 47013 | DX1: 47020 | DY1: 47027 | DZ1: 47034 | EA1: 47041 | EB1: 47048 | EC1: 47055 | ED1: 47062 | EE1: 47069 | EF1: 47076 | EG1: 47083 | EH1: 47090 | EI1: 47097 | EJ1: 47104 | EK1: 47111 | EL1: 47118 | EM1: 47125 | EN1: 47132 | EO1: 47139 | EP1: 47146 | EQ1: 47153 | ER1: 47160 | ES1: 47167 | ET1: 47174 | EU1: 47181 | EV1: 47188 | EW1: 47195 | EX1: 47202 | EY1: 47209 | EZ1: 47216 | FA1: 47223 | FB1: 47230 | FC1: 47237 | FD1: 47244 | FE1: 47251 | FF1: 47258 | FG1: 47265 | FH1: 47272 | FI1: 47279 | FJ1: 47286 | FK1: 47293 | FL1: 47300 | FM1: 47307 | FN1: 47314 | FO1: 47321 | FP1: 47328 | FQ1: 47335 | FR1: 47342 | FS1: 47349 | FT1: 47356 | FU1: 47363 | FV1: 47370 | FW1: 47377 | FX1: 47384 | FY1: 47391 | FZ1: 47398 | GA1: 47405 | GB1: 47412 | GC1: 47419 | GD1: 47426 | GE1: 47433 | GF1: 47440 | GG1: 47447 | GH1: 47454 | GI1: 47461 | GJ1: 47468 | GK1: 47475 | GL1: 47482
I2: 0 | J2: =IF(Weights!$E2=0,0,$I2*Weights!J2/Weights!$E2) -> 0 | K2: =IF(Weights!$E2=0,0,$I2*Weights!K2/Weights!$E2) -> 0 | L2: =IF(Weights!$E2=0,0,$I2*Weights!L2/Weights!$E2) -> 0 | M2: =IF(Weights!$E2=0,0,$I2*Weights!M2/Weights!$E2) -> 0 | N2: =IF(Weights!$E2=0,0,$I2*Weights!N2/Weights!$E2) -> 0 | O2: =IF(Weights!$E2=0,0,$I2*Weights!O2/Weights!$E2) -> 0 | P2: =IF(Weights!$E2=0,0,$I2*Weights!P2/Weights!$E2) -> 0 | Q2: =IF(Weights!$E2=0,0,$I2*Weights!Q2/Weights!$E2) -> 0 | ... GL2: =IF(Weights!$E2=0,0,$I2*Weights!GL2/Weights!$E2) -> 0
I3: 0 | J3: =IF(Weights!$E3=0,0,$I3*Weights!J3/Weights!$E3) -> 0 | K3: =IF(Weights!$E3=0,0,$I3*Weights!K3/Weights!$E3) -> 0 | L3: =IF(Weights!$E3=0,0,$I3*Weights!L3/Weights!$E3) -> 0 | M3: =IF(Weights!$E3=0,0,$I3*Weights!M3/Weights!$E3) -> 0 | N3: =IF(Weights!$E3=0,0,$I3*Weights!N3/Weights!$E3) -> 0 | O3: =IF(Weights!$E3=0,0,$I3*Weights!O3/Weights!$E3) -> 0 | P3: =IF(Weights!$E3=0,0,$I3*Weights!P3/Weights!$E3) -> 0 | Q3: =IF(Weights!$E3=0,0,$I3*Weights!Q3/Weights!$E3) -> 0 | ... GL3: =IF(Weights!$E3=0,0,$I3*Weights!GL3/Weights!$E3) -> 0
A4: NP-WHC | B4: 0-4000-01 | C4: Civil | D4: 0-4000-01-Mobilization | E4: 46188 | F4: 46303 | G4: 46300 | H4: 46325 | I4: 200 | J4: =IF(Weights!$E4=0,0,$I4*Weights!J4/Weights!$E4) -> 0 | K4: =IF(Weights!$E4=0,0,$I4*Weights!K4/Weights!$E4) -> 0 | L4: =IF(Weights!$E4=0,0,$I4*Weights!L4/Weights!$E4) -> 0 | M4: =IF(Weights!$E4=0,0,$I4*Weights!M4/Weights!$E4) -> 0 | N4: =IF(Weights!$E4=0,0,$I4*Weights!N4/Weights!$E4) -> 0 | O4: =IF(Weights!$E4=0,0,$I4*Weights!O4/Weights!$E4) -> 0 | P4: =IF(Weights!$E4=0,0,$I4*Weights!P4/Weights!$E4) -> 0 | Q4: =IF(Weights!$E4=0,0,$I4*Weights!Q4/Weights!$E4) -> 0 | ... GL4: =IF(Weights!$E4=0,0,$I4*Weights!GL4/Weights!$E4) -> 0
A5: NP-WHC | B5: 0-4001-01 | C5: Civil | D5: 0-4001-01-DeMobilization | E5: 46637 | F5: 46637 | G5: 46637 | H5: 46637 | I5: 220 | J5: =IF(Weights!$E5=0,0,$I5*Weights!J5/Weights!$E5) -> 0 | K5: =IF(Weights!$E5=0,0,$I5*Weights!K5/Weights!$E5) -> 0 | L5: =IF(Weights!$E5=0,0,$I5*Weights!L5/Weights!$E5) -> 0 | M5: =IF(Weights!$E5=0,0,$I5*Weights!M5/Weights!$E5) -> 0 | N5: =IF(Weights!$E5=0,0,$I5*Weights!N5/Weights!$E5) -> 0 | O5: =IF(Weights!$E5=0,0,$I5*Weights!O5/Weights!$E5) -> 0 | P5: =IF(Weights!$E5=0,0,$I5*Weights!P5/Weights!$E5) -> 0 | Q5: =IF(Weights!$E5=0,0,$I5*Weights!Q5/Weights!$E5) -> 0 | ... GL5: =IF(Weights!$E5=0,0,$I5*Weights!GL5/Weights!$E5) -> 0
A6: NP-WHC | B6: 0-4004-01 | C6: PV | I6: 0 | J6: =IF(Weights!$E6=0,0,$I6*Weights!J6/Weights!$E6) -> 0 | K6: =IF(Weights!$E6=0,0,$I6*Weights!K6/Weights!$E6) -> 0 | L6: =IF(Weights!$E6=0,0,$I6*Weights!L6/Weights!$E6) -> 0 | M6: =IF(Weights!$E6=0,0,$I6*Weights!M6/Weights!$E6) -> 0 | N6: =IF(Weights!$E6=0,0,$I6*Weights!N6/Weights!$E6) -> 0 | O6: =IF(Weights!$E6=0,0,$I6*Weights!O6/Weights!$E6) -> 0 | P6: =IF(Weights!$E6=0,0,$I6*Weights!P6/Weights!$E6) -> 0 | Q6: =IF(Weights!$E6=0,0,$I6*Weights!Q6/Weights!$E6) -> 0 | ... GL6: =IF(Weights!$E6=0,0,$I6*Weights!GL6/Weights!$E6) -> 0
A7: NP-WHC | B7: 0-4004-05 | C7: PV | I7: 0 | J7: =IF(Weights!$E7=0,0,$I7*Weights!J7/Weights!$E7) -> 0 | K7: =IF(Weights!$E7=0,0,$I7*Weights!K7/Weights!$E7) -> 0 | L7: =IF(Weights!$E7=0,0,$I7*Weights!L7/Weights!$E7) -> 0 | M7: =IF(Weights!$E7=0,0,$I7*Weights!M7/Weights!$E7) -> 0 | N7: =IF(Weights!$E7=0,0,$I7*Weights!N7/Weights!$E7) -> 0 | O7: =IF(Weights!$E7=0,0,$I7*Weights!O7/Weights!$E7) -> 0 | P7: =IF(Weights!$E7=0,0,$I7*Weights!P7/Weights!$E7) -> 0 | Q7: =IF(Weights!$E7=0,0,$I7*Weights!Q7/Weights!$E7) -> 0 | ... GL7: =IF(Weights!$E7=0,0,$I7*Weights!GL7/Weights!$E7) -> 0
A8: NP-WHC | B8: 0-4004-06 | C8: PV | I8: 0 | J8: =IF(Weights!$E8=0,0,$I8*Weights!J8/Weights!$E8) -> 0 | K8: =IF(Weights!$E8=0,0,$I8*Weights!K8/Weights!$E8) -> 0 | L8: =IF(Weights!$E8=0,0,$I8*Weights!L8/Weights!$E8) -> 0 | M8: =IF(Weights!$E8=0,0,$I8*Weights!M8/Weights!$E8) -> 0 | N8: =IF(Weights!$E8=0,0,$I8*Weights!N8/Weights!$E8) -> 0 | O8: =IF(Weights!$E8=0,0,$I8*Weights!O8/Weights!$E8) -> 0 | P8: =IF(Weights!$E8=0,0,$I8*Weights!P8/Weights!$E8) -> 0 | Q8: =IF(Weights!$E8=0,0,$I8*Weights!Q8/Weights!$E8) -> 0 | ... GL8: =IF(Weights!$E8=0,0,$I8*Weights!GL8/Weights!$E8) -> 0
A9: NP-WHC | B9: 0-4004-07 | C9: PV | I9: 0 | J9: =IF(Weights!$E9=0,0,$I9*Weights!J9/Weights!$E9) -> 0 | K9: =IF(Weights!$E9=0,0,$I9*Weights!K9/Weights!$E9) -> 0 | L9: =IF(Weights!$E9=0,0,$I9*Weights!L9/Weights!$E9) -> 0 | M9: =IF(Weights!$E9=0,0,$I9*Weights!M9/Weights!$E9) -> 0 | N9: =IF(Weights!$E9=0,0,$I9*Weights!N9/Weights!$E9) -> 0 | O9: =IF(Weights!$E9=0,0,$I9*Weights!O9/Weights!$E9) -> 0 | P9: =IF(Weights!$E9=0,0,$I9*Weights!P9/Weights!$E9) -> 0 | Q9: =IF(Weights!$E9=0,0,$I9*Weights!Q9/Weights!$E9) -> 0 | ... GL9: =IF(Weights!$E9=0,0,$I9*Weights!GL9/Weights!$E9) -> 0
A10: NP-WHC | B10: 0-4004-08 | C10: PV | I10: 0 | J10: =IF(Weights!$E10=0,0,$I10*Weights!J10/Weights!$E10) -> 0 | K10: =IF(Weights!$E10=0,0,$I10*Weights!K10/Weights!$E10) -> 0 | L10: =IF(Weights!$E10=0,0,$I10*Weights!L10/Weights!$E10) -> 0 | M10: =IF(Weights!$E10=0,0,$I10*Weights!M10/Weights!$E10) -> 0 | N10: =IF(Weights!$E10=0,0,$I10*Weights!N10/Weights!$E10) -> 0 | O10: =IF(Weights!$E10=0,0,$I10*Weights!O10/Weights!$E10) -> 0 | P10: =IF(Weights!$E10=0,0,$I10*Weights!P10/Weights!$E10) -> 0 | Q10: =IF(Weights!$E10=0,0,$I10*Weights!Q10/Weights!$E10) -> 0 | ... GL10: =IF(Weights!$E10=0,0,$I10*Weights!GL10/Weights!$E10) -> 0
A11: NP-WHC | B11: 0-4004-10 | C11: PV | I11: 0 | J11: =IF(Weights!$E11=0,0,$I11*Weights!J11/Weights!$E11) -> 0 | K11: =IF(Weights!$E11=0,0,$I11*Weights!K11/Weights!$E11) -> 0 | L11: =IF(Weights!$E11=0,0,$I11*Weights!L11/Weights!$E11) -> 0 | M11: =IF(Weights!$E11=0,0,$I11*Weights!M11/Weights!$E11) -> 0 | N11: =IF(Weights!$E11=0,0,$I11*Weights!N11/Weights!$E11) -> 0 | O11: =IF(Weights!$E11=0,0,$I11*Weights!O11/Weights!$E11) -> 0 | P11: =IF(Weights!$E11=0,0,$I11*Weights!P11/Weights!$E11) -> 0 | Q11: =IF(Weights!$E11=0,0,$I11*Weights!Q11/Weights!$E11) -> 0 | ... GL11: =IF(Weights!$E11=0,0,$I11*Weights!GL11/Weights!$E11) -> 0
A12: NP-WHC | B12: 0-4004-11 | C12: PV | I12: 0 | J12: =IF(Weights!$E12=0,0,$I12*Weights!J12/Weights!$E12) -> 0 | K12: =IF(Weights!$E12=0,0,$I12*Weights!K12/Weights!$E12) -> 0 | L12: =IF(Weights!$E12=0,0,$I12*Weights!L12/Weights!$E12) -> 0 | M12: =IF(Weights!$E12=0,0,$I12*Weights!M12/Weights!$E12) -> 0 | N12: =IF(Weights!$E12=0,0,$I12*Weights!N12/Weights!$E12) -> 0 | O12: =IF(Weights!$E12=0,0,$I12*Weights!O12/Weights!$E12) -> 0 | P12: =IF(Weights!$E12=0,0,$I12*Weights!P12/Weights!$E12) -> 0 | Q12: =IF(Weights!$E12=0,0,$I12*Weights!Q12/Weights!$E12) -> 0 | ... GL12: =IF(Weights!$E12=0,0,$I12*Weights!GL12/Weights!$E12) -> 0
A13: NP-WHC | B13: 0-4004-15 | C13: Civil | I13: 0 | J13: =IF(Weights!$E13=0,0,$I13*Weights!J13/Weights!$E13) -> 0 | K13: =IF(Weights!$E13=0,0,$I13*Weights!K13/Weights!$E13) -> 0 | L13: =IF(Weights!$E13=0,0,$I13*Weights!L13/Weights!$E13) -> 0 | M13: =IF(Weights!$E13=0,0,$I13*Weights!M13/Weights!$E13) -> 0 | N13: =IF(Weights!$E13=0,0,$I13*Weights!N13/Weights!$E13) -> 0 | O13: =IF(Weights!$E13=0,0,$I13*Weights!O13/Weights!$E13) -> 0 | P13: =IF(Weights!$E13=0,0,$I13*Weights!P13/Weights!$E13) -> 0 | Q13: =IF(Weights!$E13=0,0,$I13*Weights!Q13/Weights!$E13) -> 0 | ... GL13: =IF(Weights!$E13=0,0,$I13*Weights!GL13/Weights!$E13) -> 0
A14: NP-WHC | B14: 0-4004-16 | C14: Civil | I14: 0 | J14: =IF(Weights!$E14=0,0,$I14*Weights!J14/Weights!$E14) -> 0 | K14: =IF(Weights!$E14=0,0,$I14*Weights!K14/Weights!$E14) -> 0 | L14: =IF(Weights!$E14=0,0,$I14*Weights!L14/Weights!$E14) -> 0 | M14: =IF(Weights!$E14=0,0,$I14*Weights!M14/Weights!$E14) -> 0 | N14: =IF(Weights!$E14=0,0,$I14*Weights!N14/Weights!$E14) -> 0 | O14: =IF(Weights!$E14=0,0,$I14*Weights!O14/Weights!$E14) -> 0 | P14: =IF(Weights!$E14=0,0,$I14*Weights!P14/Weights!$E14) -> 0 | Q14: =IF(Weights!$E14=0,0,$I14*Weights!Q14/Weights!$E14) -> 0 | ... GL14: =IF(Weights!$E14=0,0,$I14*Weights!GL14/Weights!$E14) -> 0
A15: NP-WHC | B15: 0-4004-17 | C15: Civil | I15: 0 | J15: =IF(Weights!$E15=0,0,$I15*Weights!J15/Weights!$E15) -> 0 | K15: =IF(Weights!$E15=0,0,$I15*Weights!K15/Weights!$E15) -> 0 | L15: =IF(Weights!$E15=0,0,$I15*Weights!L15/Weights!$E15) -> 0 | M15: =IF(Weights!$E15=0,0,$I15*Weights!M15/Weights!$E15) -> 0 | N15: =IF(Weights!$E15=0,0,$I15*Weights!N15/Weights!$E15) -> 0 | O15: =IF(Weights!$E15=0,0,$I15*Weights!O15/Weights!$E15) -> 0 | P15: =IF(Weights!$E15=0,0,$I15*Weights!P15/Weights!$E15) -> 0 | Q15: =IF(Weights!$E15=0,0,$I15*Weights!Q15/Weights!$E15) -> 0 | ... GL15: =IF(Weights!$E15=0,0,$I15*Weights!GL15/Weights!$E15) -> 0
A16: NP-WHC | B16: 0-4004-18 | C16: Civil | I16: 0 | J16: =IF(Weights!$E16=0,0,$I16*Weights!J16/Weights!$E16) -> 0 | K16: =IF(Weights!$E16=0,0,$I16*Weights!K16/Weights!$E16) -> 0 | L16: =IF(Weights!$E16=0,0,$I16*Weights!L16/Weights!$E16) -> 0 | M16: =IF(Weights!$E16=0,0,$I16*Weights!M16/Weights!$E16) -> 0 | N16: =IF(Weights!$E16=0,0,$I16*Weights!N16/Weights!$E16) -> 0 | O16: =IF(Weights!$E16=0,0,$I16*Weights!O16/Weights!$E16) -> 0 | P16: =IF(Weights!$E16=0,0,$I16*Weights!P16/Weights!$E16) -> 0 | Q16: =IF(Weights!$E16=0,0,$I16*Weights!Q16/Weights!$E16) -> 0 | ... GL16: =IF(Weights!$E16=0,0,$I16*Weights!GL16/Weights!$E16) -> 0
A17: NP-WHC | B17: 0-4005 | C17: PV | D17: 0-4005-FOE | E17: 46326 | F17: 46531 | G17: 46326 | H17: 46531 | I17: 22459 | J17: =IF(Weights!$E17=0,0,$I17*Weights!J17/Weights!$E17) -> 0 | K17: =IF(Weights!$E17=0,0,$I17*Weights!K17/Weights!$E17) -> 0 | L17: =IF(Weights!$E17=0,0,$I17*Weights!L17/Weights!$E17) -> 0 | M17: =IF(Weights!$E17=0,0,$I17*Weights!M17/Weights!$E17) -> 0 | N17: =IF(Weights!$E17=0,0,$I17*Weights!N17/Weights!$E17) -> 0 | O17: =IF(Weights!$E17=0,0,$I17*Weights!O17/Weights!$E17) -> 0 | P17: =IF(Weights!$E17=0,0,$I17*Weights!P17/Weights!$E17) -> 0 | Q17: =IF(Weights!$E17=0,0,$I17*Weights!Q17/Weights!$E17) -> 0 | ... GL17: =IF(Weights!$E17=0,0,$I17*Weights!GL17/Weights!$E17) -> 0
A18: NP-WHC | B18: 0-4005-01 | C18: Civil | D18: 0-4005-01-Civil FOE | E18: 46300 | F18: 46325 | G18: 46300 | H18: 46325 | I18: 5255 | J18: =IF(Weights!$E18=0,0,$I18*Weights!J18/Weights!$E18) -> 0 | K18: =IF(Weights!$E18=0,0,$I18*Weights!K18/Weights!$E18) -> 0 | L18: =IF(Weights!$E18=0,0,$I18*Weights!L18/Weights!$E18) -> 0 | M18: =IF(Weights!$E18=0,0,$I18*Weights!M18/Weights!$E18) -> 0 | N18: =IF(Weights!$E18=0,0,$I18*Weights!N18/Weights!$E18) -> 0 | O18: =IF(Weights!$E18=0,0,$I18*Weights!O18/Weights!$E18) -> 0 | P18: =IF(Weights!$E18=0,0,$I18*Weights!P18/Weights!$E18) -> 0 | Q18: =IF(Weights!$E18=0,0,$I18*Weights!Q18/Weights!$E18) -> 0 | ... GL18: =IF(Weights!$E18=0,0,$I18*Weights!GL18/Weights!$E18) -> 0
A19: NP-WHC | B19: 0-4005-02 | C19: PV | D19: 0-4005-02 Commish FOE | E19: 46542 | F19: 46624 | G19: 46542 | H19: 46624 | I19: 4260 | J19: =IF(Weights!$E19=0,0,$I19*Weights!J19/Weights!$E19) -> 0 | K19: =IF(Weights!$E19=0,0,$I19*Weights!K19/Weights!$E19) -> 0 | L19: =IF(Weights!$E19=0,0,$I19*Weights!L19/Weights!$E19) -> 0 | M19: =IF(Weights!$E19=0,0,$I19*Weights!M19/Weights!$E19) -> 0 | N19: =IF(Weights!$E19=0,0,$I19*Weights!N19/Weights!$E19) -> 0 | O19: =IF(Weights!$E19=0,0,$I19*Weights!O19/Weights!$E19) -> 0 | P19: =IF(Weights!$E19=0,0,$I19*Weights!P19/Weights!$E19) -> 0 | Q19: =IF(Weights!$E19=0,0,$I19*Weights!Q19/Weights!$E19) -> 0 | ... GL19: =IF(Weights!$E19=0,0,$I19*Weights!GL19/Weights!$E19) -> 0
A20: NP-WHC | B20: 0-4006 | C20: PV | D20: 0-4006-Yard and Trailer | G20: 46301 | H20: 46427 | I20: 8000 | J20: =IF(Weights!$E20=0,0,$I20*Weights!J20/Weights!$E20) -> 0 | K20: =IF(Weights!$E20=0,0,$I20*Weights!K20/Weights!$E20) -> 0 | L20: =IF(Weights!$E20=0,0,$I20*Weights!L20/Weights!$E20) -> 0 | M20: =IF(Weights!$E20=0,0,$I20*Weights!M20/Weights!$E20) -> 0 | N20: =IF(Weights!$E20=0,0,$I20*Weights!N20/Weights!$E20) -> 0 | O20: =IF(Weights!$E20=0,0,$I20*Weights!O20/Weights!$E20) -> 0 | P20: =IF(Weights!$E20=0,0,$I20*Weights!P20/Weights!$E20) -> 0 | Q20: =IF(Weights!$E20=0,0,$I20*Weights!Q20/Weights!$E20) -> 0 | ... GL20: =IF(Weights!$E20=0,0,$I20*Weights!GL20/Weights!$E20) -> 0
A21: NP-WHC | B21: 0-4007 | C21: Civil | D21: 0-4007-Mowing | G21: 46301 | H21: 46427 | I21: 3450 | J21: =IF(Weights!$E21=0,0,$I21*Weights!J21/Weights!$E21) -> 0 | K21: =IF(Weights!$E21=0,0,$I21*Weights!K21/Weights!$E21) -> 0 | L21: =IF(Weights!$E21=0,0,$I21*Weights!L21/Weights!$E21) -> 0 | M21: =IF(Weights!$E21=0,0,$I21*Weights!M21/Weights!$E21) -> 0 | N21: =IF(Weights!$E21=0,0,$I21*Weights!N21/Weights!$E21) -> 0 | O21: =IF(Weights!$E21=0,0,$I21*Weights!O21/Weights!$E21) -> 0 | P21: =IF(Weights!$E21=0,0,$I21*Weights!P21/Weights!$E21) -> 0 | Q21: =IF(Weights!$E21=0,0,$I21*Weights!Q21/Weights!$E21) -> 0 | ... GL21: =IF(Weights!$E21=0,0,$I21*Weights!GL21/Weights!$E21) -> 0
A22: NP-WHC | B22: 0-4010 | C22: Civil | I22: 0 | J22: =IF(Weights!$E22=0,0,$I22*Weights!J22/Weights!$E22) -> 0 | K22: =IF(Weights!$E22=0,0,$I22*Weights!K22/Weights!$E22) -> 0 | L22: =IF(Weights!$E22=0,0,$I22*Weights!L22/Weights!$E22) -> 0 | M22: =IF(Weights!$E22=0,0,$I22*Weights!M22/Weights!$E22) -> 0 | N22: =IF(Weights!$E22=0,0,$I22*Weights!N22/Weights!$E22) -> 0 | O22: =IF(Weights!$E22=0,0,$I22*Weights!O22/Weights!$E22) -> 0 | P22: =IF(Weights!$E22=0,0,$I22*Weights!P22/Weights!$E22) -> 0 | Q22: =IF(Weights!$E22=0,0,$I22*Weights!Q22/Weights!$E22) -> 0 | ... GL22: =IF(Weights!$E22=0,0,$I22*Weights!GL22/Weights!$E22) -> 0
A23: NP-WHC | B23: 0-4008 | C23: General | I23: 0 | J23: =IF(Weights!$E23=0,0,$I23*Weights!J23/Weights!$E23) -> 0 | K23: =IF(Weights!$E23=0,0,$I23*Weights!K23/Weights!$E23) -> 0 | L23: =IF(Weights!$E23=0,0,$I23*Weights!L23/Weights!$E23) -> 0 | M23: =IF(Weights!$E23=0,0,$I23*Weights!M23/Weights!$E23) -> 0 | N23: =IF(Weights!$E23=0,0,$I23*Weights!N23/Weights!$E23) -> 0 | O23: =IF(Weights!$E23=0,0,$I23*Weights!O23/Weights!$E23) -> 0 | P23: =IF(Weights!$E23=0,0,$I23*Weights!P23/Weights!$E23) -> 0 | Q23: =IF(Weights!$E23=0,0,$I23*Weights!Q23/Weights!$E23) -> 0 | ... GL23: =IF(Weights!$E23=0,0,$I23*Weights!GL23/Weights!$E23) -> 0
A24: PD-WHC | B24: 0-4013 | C24: PV | I24: 0 | J24: =IF(Weights!$E24=0,0,$I24*Weights!J24/Weights!$E24) -> 0 | K24: =IF(Weights!$E24=0,0,$I24*Weights!K24/Weights!$E24) -> 0 | L24: =IF(Weights!$E24=0,0,$I24*Weights!L24/Weights!$E24) -> 0 | M24: =IF(Weights!$E24=0,0,$I24*Weights!M24/Weights!$E24) -> 0 | N24: =IF(Weights!$E24=0,0,$I24*Weights!N24/Weights!$E24) -> 0 | O24: =IF(Weights!$E24=0,0,$I24*Weights!O24/Weights!$E24) -> 0 | P24: =IF(Weights!$E24=0,0,$I24*Weights!P24/Weights!$E24) -> 0 | Q24: =IF(Weights!$E24=0,0,$I24*Weights!Q24/Weights!$E24) -> 0 | ... GL24: =IF(Weights!$E24=0,0,$I24*Weights!GL24/Weights!$E24) -> 0
A25: PD-SUB | B25: 0-4013-01 | C25: PV | I25: 0 | J25: =IF(Weights!$E25=0,0,$I25*Weights!J25/Weights!$E25) -> 0 | K25: =IF(Weights!$E25=0,0,$I25*Weights!K25/Weights!$E25) -> 0 | L25: =IF(Weights!$E25=0,0,$I25*Weights!L25/Weights!$E25) -> 0 | M25: =IF(Weights!$E25=0,0,$I25*Weights!M25/Weights!$E25) -> 0 | N25: =IF(Weights!$E25=0,0,$I25*Weights!N25/Weights!$E25) -> 0 | O25: =IF(Weights!$E25=0,0,$I25*Weights!O25/Weights!$E25) -> 0 | P25: =IF(Weights!$E25=0,0,$I25*Weights!P25/Weights!$E25) -> 0 | Q25: =IF(Weights!$E25=0,0,$I25*Weights!Q25/Weights!$E25) -> 0 | ... GL25: =IF(Weights!$E25=0,0,$I25*Weights!GL25/Weights!$E25) -> 0
A26: PD-WHC | B26: 0-4013-02 | C26: PV | I26: 0 | J26: =IF(Weights!$E26=0,0,$I26*Weights!J26/Weights!$E26) -> 0 | K26: =IF(Weights!$E26=0,0,$I26*Weights!K26/Weights!$E26) -> 0 | L26: =IF(Weights!$E26=0,0,$I26*Weights!L26/Weights!$E26) -> 0 | M26: =IF(Weights!$E26=0,0,$I26*Weights!M26/Weights!$E26) -> 0 | N26: =IF(Weights!$E26=0,0,$I26*Weights!N26/Weights!$E26) -> 0 | O26: =IF(Weights!$E26=0,0,$I26*Weights!O26/Weights!$E26) -> 0 | P26: =IF(Weights!$E26=0,0,$I26*Weights!P26/Weights!$E26) -> 0 | Q26: =IF(Weights!$E26=0,0,$I26*Weights!Q26/Weights!$E26) -> 0 | ... GL26: =IF(Weights!$E26=0,0,$I26*Weights!GL26/Weights!$E26) -> 0
A27: PD-WHC | B27: 0-4015 | C27: PV | D27: 0-4015-Survey | G27: 46328 | H27: 46531 | I27: 2250 | J27: =IF(Weights!$E27=0,0,$I27*Weights!J27/Weights!$E27) -> 0 | K27: =IF(Weights!$E27=0,0,$I27*Weights!K27/Weights!$E27) -> 0 | L27: =IF(Weights!$E27=0,0,$I27*Weights!L27/Weights!$E27) -> 0 | M27: =IF(Weights!$E27=0,0,$I27*Weights!M27/Weights!$E27) -> 0 | N27: =IF(Weights!$E27=0,0,$I27*Weights!N27/Weights!$E27) -> 0 | O27: =IF(Weights!$E27=0,0,$I27*Weights!O27/Weights!$E27) -> 0 | P27: =IF(Weights!$E27=0,0,$I27*Weights!P27/Weights!$E27) -> 0 | Q27: =IF(Weights!$E27=0,0,$I27*Weights!Q27/Weights!$E27) -> 0 | ... GL27: =IF(Weights!$E27=0,0,$I27*Weights!GL27/Weights!$E27) -> 0
A28: PD-WHC | B28: 0-4015-01 | C28: Civil | D28: 0-4015-01-Civil Survey | G28: 46301 | H28: 46326 | I28: 1520 | J28: =IF(Weights!$E28=0,0,$I28*Weights!J28/Weights!$E28) -> 0 | K28: =IF(Weights!$E28=0,0,$I28*Weights!K28/Weights!$E28) -> 0 | L28: =IF(Weights!$E28=0,0,$I28*Weights!L28/Weights!$E28) -> 0 | M28: =IF(Weights!$E28=0,0,$I28*Weights!M28/Weights!$E28) -> 0 | N28: =IF(Weights!$E28=0,0,$I28*Weights!N28/Weights!$E28) -> 0 | O28: =IF(Weights!$E28=0,0,$I28*Weights!O28/Weights!$E28) -> 0 | P28: =IF(Weights!$E28=0,0,$I28*Weights!P28/Weights!$E28) -> 0 | Q28: =IF(Weights!$E28=0,0,$I28*Weights!Q28/Weights!$E28) -> 0 | ... GL28: =IF(Weights!$E28=0,0,$I28*Weights!GL28/Weights!$E28) -> 0
A29: PD-WHC | B29: 0-4016 | C29: PV | I29: 0 | J29: =IF(Weights!$E29=0,0,$I29*Weights!J29/Weights!$E29) -> 0 | K29: =IF(Weights!$E29=0,0,$I29*Weights!K29/Weights!$E29) -> 0 | L29: =IF(Weights!$E29=0,0,$I29*Weights!L29/Weights!$E29) -> 0 | M29: =IF(Weights!$E29=0,0,$I29*Weights!M29/Weights!$E29) -> 0 | N29: =IF(Weights!$E29=0,0,$I29*Weights!N29/Weights!$E29) -> 0 | O29: =IF(Weights!$E29=0,0,$I29*Weights!O29/Weights!$E29) -> 0 | P29: =IF(Weights!$E29=0,0,$I29*Weights!P29/Weights!$E29) -> 0 | Q29: =IF(Weights!$E29=0,0,$I29*Weights!Q29/Weights!$E29) -> 0 | ... GL29: =IF(Weights!$E29=0,0,$I29*Weights!GL29/Weights!$E29) -> 0
A30: PD-WHC | B30: 0-4018 | C30: General | I30: 0 | J30: =IF(Weights!$E30=0,0,$I30*Weights!J30/Weights!$E30) -> 0 | K30: =IF(Weights!$E30=0,0,$I30*Weights!K30/Weights!$E30) -> 0 | L30: =IF(Weights!$E30=0,0,$I30*Weights!L30/Weights!$E30) -> 0 | M30: =IF(Weights!$E30=0,0,$I30*Weights!M30/Weights!$E30) -> 0 | N30: =IF(Weights!$E30=0,0,$I30*Weights!N30/Weights!$E30) -> 0 | O30: =IF(Weights!$E30=0,0,$I30*Weights!O30/Weights!$E30) -> 0 | P30: =IF(Weights!$E30=0,0,$I30*Weights!P30/Weights!$E30) -> 0 | Q30: =IF(Weights!$E30=0,0,$I30*Weights!Q30/Weights!$E30) -> 0 | ... GL30: =IF(Weights!$E30=0,0,$I30*Weights!GL30/Weights!$E30) -> 0
A31: PD-WHC | B31: 0-4024 | C31: PV | I31: 0 | J31: =IF(Weights!$E31=0,0,$I31*Weights!J31/Weights!$E31) -> 0 | K31: =IF(Weights!$E31=0,0,$I31*Weights!K31/Weights!$E31) -> 0 | L31: =IF(Weights!$E31=0,0,$I31*Weights!L31/Weights!$E31) -> 0 | M31: =IF(Weights!$E31=0,0,$I31*Weights!M31/Weights!$E31) -> 0 | N31: =IF(Weights!$E31=0,0,$I31*Weights!N31/Weights!$E31) -> 0 | O31: =IF(Weights!$E31=0,0,$I31*Weights!O31/Weights!$E31) -> 0 | P31: =IF(Weights!$E31=0,0,$I31*Weights!P31/Weights!$E31) -> 0 | Q31: =IF(Weights!$E31=0,0,$I31*Weights!Q31/Weights!$E31) -> 0 | ... GL31: =IF(Weights!$E31=0,0,$I31*Weights!GL31/Weights!$E31) -> 0
A32: PD-WHC | B32: 0-4029 | C32: PV | I32: 0 | J32: =IF(Weights!$E32=0,0,$I32*Weights!J32/Weights!$E32) -> 0 | K32: =IF(Weights!$E32=0,0,$I32*Weights!K32/Weights!$E32) -> 0 | L32: =IF(Weights!$E32=0,0,$I32*Weights!L32/Weights!$E32) -> 0 | M32: =IF(Weights!$E32=0,0,$I32*Weights!M32/Weights!$E32) -> 0 | N32: =IF(Weights!$E32=0,0,$I32*Weights!N32/Weights!$E32) -> 0 | O32: =IF(Weights!$E32=0,0,$I32*Weights!O32/Weights!$E32) -> 0 | P32: =IF(Weights!$E32=0,0,$I32*Weights!P32/Weights!$E32) -> 0 | Q32: =IF(Weights!$E32=0,0,$I32*Weights!Q32/Weights!$E32) -> 0 | ... GL32: =IF(Weights!$E32=0,0,$I32*Weights!GL32/Weights!$E32) -> 0
A33: PD-WHC | B33: 0-4031 | C33: General | D33: 0-4031-Hire-In and Orientation | G33: 46328 | H33: 46531 | I33: 1616 | J33: =IF(Weights!$E33=0,0,$I33*Weights!J33/Weights!$E33) -> 0 | K33: =IF(Weights!$E33=0,0,$I33*Weights!K33/Weights!$E33) -> 0 | L33: =IF(Weights!$E33=0,0,$I33*Weights!L33/Weights!$E33) -> 0 | M33: =IF(Weights!$E33=0,0,$I33*Weights!M33/Weights!$E33) -> 0 | N33: =IF(Weights!$E33=0,0,$I33*Weights!N33/Weights!$E33) -> 0 | O33: =IF(Weights!$E33=0,0,$I33*Weights!O33/Weights!$E33) -> 0 | P33: =IF(Weights!$E33=0,0,$I33*Weights!P33/Weights!$E33) -> 0 | Q33: =IF(Weights!$E33=0,0,$I33*Weights!Q33/Weights!$E33) -> 0 | ... GL33: =IF(Weights!$E33=0,0,$I33*Weights!GL33/Weights!$E33) -> 0
A34: NP-WHC | B34: 0-4115 | C34: PV | D34: 0-4115-Clean Up | E34: 46540 | F34: 46637 | G34: 46540 | H34: 46637 | I34: 1800 | J34: =IF(Weights!$E34=0,0,$I34*Weights!J34/Weights!$E34) -> 0 | K34: =IF(Weights!$E34=0,0,$I34*Weights!K34/Weights!$E34) -> 0 | L34: =IF(Weights!$E34=0,0,$I34*Weights!L34/Weights!$E34) -> 0 | M34: =IF(Weights!$E34=0,0,$I34*Weights!M34/Weights!$E34) -> 0 | N34: =IF(Weights!$E34=0,0,$I34*Weights!N34/Weights!$E34) -> 0 | O34: =IF(Weights!$E34=0,0,$I34*Weights!O34/Weights!$E34) -> 0 | P34: =IF(Weights!$E34=0,0,$I34*Weights!P34/Weights!$E34) -> 0 | Q34: =IF(Weights!$E34=0,0,$I34*Weights!Q34/Weights!$E34) -> 0 | ... GL34: =IF(Weights!$E34=0,0,$I34*Weights!GL34/Weights!$E34) -> 0
A35: PD-WHC | B35: 0-4115-01 | C35: Civil | D35: 0-4115-01-Civil Cleanup | E35: 46540 | F35: 46637 | G35: 46540 | H35: 46637 | I35: 1860 | J35: =IF(Weights!$E35=0,0,$I35*Weights!J35/Weights!$E35) -> 0 | K35: =IF(Weights!$E35=0,0,$I35*Weights!K35/Weights!$E35) -> 0 | L35: =IF(Weights!$E35=0,0,$I35*Weights!L35/Weights!$E35) -> 0 | M35: =IF(Weights!$E35=0,0,$I35*Weights!M35/Weights!$E35) -> 0 | N35: =IF(Weights!$E35=0,0,$I35*Weights!N35/Weights!$E35) -> 0 | O35: =IF(Weights!$E35=0,0,$I35*Weights!O35/Weights!$E35) -> 0 | P35: =IF(Weights!$E35=0,0,$I35*Weights!P35/Weights!$E35) -> 0 | Q35: =IF(Weights!$E35=0,0,$I35*Weights!Q35/Weights!$E35) -> 0 | ... GL35: =IF(Weights!$E35=0,0,$I35*Weights!GL35/Weights!$E35) -> 0
A36: PD-WHC | B36: 0-4100 | C36: Civil | D36: 0-4100-Silt Fence | E36: 46298 | F36: 46319 | G36: 46298 | H36: 46319 | I36: 2940 | J36: =IF(Weights!$E36=0,0,$I36*Weights!J36/Weights!$E36) -> 0 | K36: =IF(Weights!$E36=0,0,$I36*Weights!K36/Weights!$E36) -> 0 | L36: =IF(Weights!$E36=0,0,$I36*Weights!L36/Weights!$E36) -> 0 | M36: =IF(Weights!$E36=0,0,$I36*Weights!M36/Weights!$E36) -> 0 | N36: =IF(Weights!$E36=0,0,$I36*Weights!N36/Weights!$E36) -> 0 | O36: =IF(Weights!$E36=0,0,$I36*Weights!O36/Weights!$E36) -> 0 | P36: =IF(Weights!$E36=0,0,$I36*Weights!P36/Weights!$E36) -> 0 | Q36: =IF(Weights!$E36=0,0,$I36*Weights!Q36/Weights!$E36) -> 0 | ... GL36: =IF(Weights!$E36=0,0,$I36*Weights!GL36/Weights!$E36) -> 0
A37: PD-WHC | B37: 0-4112 | C37: Civil | D37: 0-4112-Scour & Veg. Buffer | E37: 46329 | F37: 46360 | G37: 46329 | H37: 46360 | I37: 0 | J37: =IF(Weights!$E37=0,0,$I37*Weights!J37/Weights!$E37) -> 0 | K37: =IF(Weights!$E37=0,0,$I37*Weights!K37/Weights!$E37) -> 0 | L37: =IF(Weights!$E37=0,0,$I37*Weights!L37/Weights!$E37) -> 0 | M37: =IF(Weights!$E37=0,0,$I37*Weights!M37/Weights!$E37) -> 0 | N37: =IF(Weights!$E37=0,0,$I37*Weights!N37/Weights!$E37) -> 0 | O37: =IF(Weights!$E37=0,0,$I37*Weights!O37/Weights!$E37) -> 0 | P37: =IF(Weights!$E37=0,0,$I37*Weights!P37/Weights!$E37) -> 0 | Q37: =IF(Weights!$E37=0,0,$I37*Weights!Q37/Weights!$E37) -> 0 | ... GL37: =IF(Weights!$E37=0,0,$I37*Weights!GL37/Weights!$E37) -> 0
A38: PD-WHC | B38: 0-4101 | C38: Civil | D38: 0-4101-Clearing & Grubbing | E38: 46300 | F38: 46329 | G38: 46300 | H38: 46329 | I38: 600 | J38: =IF(Weights!$E38=0,0,$I38*Weights!J38/Weights!$E38) -> 0 | K38: =IF(Weights!$E38=0,0,$I38*Weights!K38/Weights!$E38) -> 0 | L38: =IF(Weights!$E38=0,0,$I38*Weights!L38/Weights!$E38) -> 0 | M38: =IF(Weights!$E38=0,0,$I38*Weights!M38/Weights!$E38) -> 0 | N38: =IF(Weights!$E38=0,0,$I38*Weights!N38/Weights!$E38) -> 0 | O38: =IF(Weights!$E38=0,0,$I38*Weights!O38/Weights!$E38) -> 0 | P38: =IF(Weights!$E38=0,0,$I38*Weights!P38/Weights!$E38) -> 0 | Q38: =IF(Weights!$E38=0,0,$I38*Weights!Q38/Weights!$E38) -> 0 | ... GL38: =IF(Weights!$E38=0,0,$I38*Weights!GL38/Weights!$E38) -> 0
A39: PD-WHC | B39: 0-4102 | C39: Civil | D39: 0-4102-Earth Work | G39: 46307 | H39: 46346 | I39: 6540 | J39: =IF(Weights!$E39=0,0,$I39*Weights!J39/Weights!$E39) -> 0 | K39: =IF(Weights!$E39=0,0,$I39*Weights!K39/Weights!$E39) -> 0 | L39: =IF(Weights!$E39=0,0,$I39*Weights!L39/Weights!$E39) -> 0 | M39: =IF(Weights!$E39=0,0,$I39*Weights!M39/Weights!$E39) -> 0 | N39: =IF(Weights!$E39=0,0,$I39*Weights!N39/Weights!$E39) -> 0 | O39: =IF(Weights!$E39=0,0,$I39*Weights!O39/Weights!$E39) -> 0 | P39: =IF(Weights!$E39=0,0,$I39*Weights!P39/Weights!$E39) -> 0 | Q39: =IF(Weights!$E39=0,0,$I39*Weights!Q39/Weights!$E39) -> 0 | ... GL39: =IF(Weights!$E39=0,0,$I39*Weights!GL39/Weights!$E39) -> 0
A40: PD-WHC | B40: 0-4103 | C40: Civil | D40: 0-4103-Erosion Control | E40: 46298 | F40: 46319 | G40: 46298 | H40: 46319 | I40: 1830 | J40: =IF(Weights!$E40=0,0,$I40*Weights!J40/Weights!$E40) -> 0 | K40: =IF(Weights!$E40=0,0,$I40*Weights!K40/Weights!$E40) -> 0 | L40: =IF(Weights!$E40=0,0,$I40*Weights!L40/Weights!$E40) -> 0 | M40: =IF(Weights!$E40=0,0,$I40*Weights!M40/Weights!$E40) -> 0 | N40: =IF(Weights!$E40=0,0,$I40*Weights!N40/Weights!$E40) -> 0 | O40: =IF(Weights!$E40=0,0,$I40*Weights!O40/Weights!$E40) -> 0 | P40: =IF(Weights!$E40=0,0,$I40*Weights!P40/Weights!$E40) -> 0 | Q40: =IF(Weights!$E40=0,0,$I40*Weights!Q40/Weights!$E40) -> 0 | ... GL40: =IF(Weights!$E40=0,0,$I40*Weights!GL40/Weights!$E40) -> 0
A41: PD-WHC | B41: 0-4104 | C41: Civil | I41: 0 | J41: =IF(Weights!$E41=0,0,$I41*Weights!J41/Weights!$E41) -> 0 | K41: =IF(Weights!$E41=0,0,$I41*Weights!K41/Weights!$E41) -> 0 | L41: =IF(Weights!$E41=0,0,$I41*Weights!L41/Weights!$E41) -> 0 | M41: =IF(Weights!$E41=0,0,$I41*Weights!M41/Weights!$E41) -> 0 | N41: =IF(Weights!$E41=0,0,$I41*Weights!N41/Weights!$E41) -> 0 | O41: =IF(Weights!$E41=0,0,$I41*Weights!O41/Weights!$E41) -> 0 | P41: =IF(Weights!$E41=0,0,$I41*Weights!P41/Weights!$E41) -> 0 | Q41: =IF(Weights!$E41=0,0,$I41*Weights!Q41/Weights!$E41) -> 0 | ... GL41: =IF(Weights!$E41=0,0,$I41*Weights!GL41/Weights!$E41) -> 0
A42: PD-WHC | B42: 0-4105 | C42: Civil | I42: 0 | J42: =IF(Weights!$E42=0,0,$I42*Weights!J42/Weights!$E42) -> 0 | K42: =IF(Weights!$E42=0,0,$I42*Weights!K42/Weights!$E42) -> 0 | L42: =IF(Weights!$E42=0,0,$I42*Weights!L42/Weights!$E42) -> 0 | M42: =IF(Weights!$E42=0,0,$I42*Weights!M42/Weights!$E42) -> 0 | N42: =IF(Weights!$E42=0,0,$I42*Weights!N42/Weights!$E42) -> 0 | O42: =IF(Weights!$E42=0,0,$I42*Weights!O42/Weights!$E42) -> 0 | P42: =IF(Weights!$E42=0,0,$I42*Weights!P42/Weights!$E42) -> 0 | Q42: =IF(Weights!$E42=0,0,$I42*Weights!Q42/Weights!$E42) -> 0 | ... GL42: =IF(Weights!$E42=0,0,$I42*Weights!GL42/Weights!$E42) -> 0
A43: PD-WHC | B43: 0-4106 | C43: Civil | I43: 0 | J43: =IF(Weights!$E43=0,0,$I43*Weights!J43/Weights!$E43) -> 0 | K43: =IF(Weights!$E43=0,0,$I43*Weights!K43/Weights!$E43) -> 0 | L43: =IF(Weights!$E43=0,0,$I43*Weights!L43/Weights!$E43) -> 0 | M43: =IF(Weights!$E43=0,0,$I43*Weights!M43/Weights!$E43) -> 0 | N43: =IF(Weights!$E43=0,0,$I43*Weights!N43/Weights!$E43) -> 0 | O43: =IF(Weights!$E43=0,0,$I43*Weights!O43/Weights!$E43) -> 0 | P43: =IF(Weights!$E43=0,0,$I43*Weights!P43/Weights!$E43) -> 0 | Q43: =IF(Weights!$E43=0,0,$I43*Weights!Q43/Weights!$E43) -> 0 | ... GL43: =IF(Weights!$E43=0,0,$I43*Weights!GL43/Weights!$E43) -> 0
A44: PD-WHC | B44: 0-4107 | C44: Civil | D44: 0-4107-Seeding & Revegetation | E44: 46311 | F44: 46356 | G44: 46311 | H44: 46356 | I44: 1950 | J44: =IF(Weights!$E44=0,0,$I44*Weights!J44/Weights!$E44) -> 0 | K44: =IF(Weights!$E44=0,0,$I44*Weights!K44/Weights!$E44) -> 0 | L44: =IF(Weights!$E44=0,0,$I44*Weights!L44/Weights!$E44) -> 0 | M44: =IF(Weights!$E44=0,0,$I44*Weights!M44/Weights!$E44) -> 0 | N44: =IF(Weights!$E44=0,0,$I44*Weights!N44/Weights!$E44) -> 0 | O44: =IF(Weights!$E44=0,0,$I44*Weights!O44/Weights!$E44) -> 0 | P44: =IF(Weights!$E44=0,0,$I44*Weights!P44/Weights!$E44) -> 0 | Q44: =IF(Weights!$E44=0,0,$I44*Weights!Q44/Weights!$E44) -> 0 | ... GL44: =IF(Weights!$E44=0,0,$I44*Weights!GL44/Weights!$E44) -> 0
A45: PD-WHC | B45: 0-4108 | C45: Civil | D45: 0-4108-Fences & Gates | E45: 46344 | F45: 46426 | G45: 46344 | H45: 46426 | I45: 560 | J45: =IF(Weights!$E45=0,0,$I45*Weights!J45/Weights!$E45) -> 0 | K45: =IF(Weights!$E45=0,0,$I45*Weights!K45/Weights!$E45) -> 0 | L45: =IF(Weights!$E45=0,0,$I45*Weights!L45/Weights!$E45) -> 0 | M45: =IF(Weights!$E45=0,0,$I45*Weights!M45/Weights!$E45) -> 0 | N45: =IF(Weights!$E45=0,0,$I45*Weights!N45/Weights!$E45) -> 0 | O45: =IF(Weights!$E45=0,0,$I45*Weights!O45/Weights!$E45) -> 0 | P45: =IF(Weights!$E45=0,0,$I45*Weights!P45/Weights!$E45) -> 0 | Q45: =IF(Weights!$E45=0,0,$I45*Weights!Q45/Weights!$E45) -> 0 | ... GL45: =IF(Weights!$E45=0,0,$I45*Weights!GL45/Weights!$E45) -> 0
A46: PD-WHC | B46: 0-4109 | C46: Civil | D46: 0-4109-Site Roadways | E46: 46311 | F46: 46364 | G46: 46311 | H46: 46364 | I46: 4750 | J46: =IF(Weights!$E46=0,0,$I46*Weights!J46/Weights!$E46) -> 0 | K46: =IF(Weights!$E46=0,0,$I46*Weights!K46/Weights!$E46) -> 0 | L46: =IF(Weights!$E46=0,0,$I46*Weights!L46/Weights!$E46) -> 0 | M46: =IF(Weights!$E46=0,0,$I46*Weights!M46/Weights!$E46) -> 0 | N46: =IF(Weights!$E46=0,0,$I46*Weights!N46/Weights!$E46) -> 0 | O46: =IF(Weights!$E46=0,0,$I46*Weights!O46/Weights!$E46) -> 0 | P46: =IF(Weights!$E46=0,0,$I46*Weights!P46/Weights!$E46) -> 0 | Q46: =IF(Weights!$E46=0,0,$I46*Weights!Q46/Weights!$E46) -> 0 | ... GL46: =IF(Weights!$E46=0,0,$I46*Weights!GL46/Weights!$E46) -> 0
A47: PD-WHC | B47: 0-4110 | C47: Civil | D47: 0-4110-Ditches | G47: 46310 | H47: 46365 | I47: 560 | J47: =IF(Weights!$E47=0,0,$I47*Weights!J47/Weights!$E47) -> 0 | K47: =IF(Weights!$E47=0,0,$I47*Weights!K47/Weights!$E47) -> 0 | L47: =IF(Weights!$E47=0,0,$I47*Weights!L47/Weights!$E47) -> 0 | M47: =IF(Weights!$E47=0,0,$I47*Weights!M47/Weights!$E47) -> 0 | N47: =IF(Weights!$E47=0,0,$I47*Weights!N47/Weights!$E47) -> 0 | O47: =IF(Weights!$E47=0,0,$I47*Weights!O47/Weights!$E47) -> 0 | P47: =IF(Weights!$E47=0,0,$I47*Weights!P47/Weights!$E47) -> 0 | Q47: =IF(Weights!$E47=0,0,$I47*Weights!Q47/Weights!$E47) -> 0 | ... GL47: =IF(Weights!$E47=0,0,$I47*Weights!GL47/Weights!$E47) -> 0
A48: PD-SUB | B48: 0-4111 | C48: Civil | I48: 0 | J48: =IF(Weights!$E48=0,0,$I48*Weights!J48/Weights!$E48) -> 0 | K48: =IF(Weights!$E48=0,0,$I48*Weights!K48/Weights!$E48) -> 0 | L48: =IF(Weights!$E48=0,0,$I48*Weights!L48/Weights!$E48) -> 0 | M48: =IF(Weights!$E48=0,0,$I48*Weights!M48/Weights!$E48) -> 0 | N48: =IF(Weights!$E48=0,0,$I48*Weights!N48/Weights!$E48) -> 0 | O48: =IF(Weights!$E48=0,0,$I48*Weights!O48/Weights!$E48) -> 0 | P48: =IF(Weights!$E48=0,0,$I48*Weights!P48/Weights!$E48) -> 0 | Q48: =IF(Weights!$E48=0,0,$I48*Weights!Q48/Weights!$E48) -> 0 | ... GL48: =IF(Weights!$E48=0,0,$I48*Weights!GL48/Weights!$E48) -> 0
A49: PD-WHC | B49: 0-4113 | C49: Civil | D49: 0-4113-Construction Entrance | E49: 46301 | F49: 46309 | G49: 46301 | H49: 46309 | I49: 1600 | J49: =IF(Weights!$E49=0,0,$I49*Weights!J49/Weights!$E49) -> 0 | K49: =IF(Weights!$E49=0,0,$I49*Weights!K49/Weights!$E49) -> 0 | L49: =IF(Weights!$E49=0,0,$I49*Weights!L49/Weights!$E49) -> 0 | M49: =IF(Weights!$E49=0,0,$I49*Weights!M49/Weights!$E49) -> 0 | N49: =IF(Weights!$E49=0,0,$I49*Weights!N49/Weights!$E49) -> 0 | O49: =IF(Weights!$E49=0,0,$I49*Weights!O49/Weights!$E49) -> 0 | P49: =IF(Weights!$E49=0,0,$I49*Weights!P49/Weights!$E49) -> 0 | Q49: =IF(Weights!$E49=0,0,$I49*Weights!Q49/Weights!$E49) -> 0 | ... GL49: =IF(Weights!$E49=0,0,$I49*Weights!GL49/Weights!$E49) -> 0
A50: PD-WHC | B50: 0-4116 | C50: Civil | D50: 0-4116-Bush Hog | G50: 46304 | H50: 46329 | I50: 510 | J50: =IF(Weights!$E50=0,0,$I50*Weights!J50/Weights!$E50) -> 0 | K50: =IF(Weights!$E50=0,0,$I50*Weights!K50/Weights!$E50) -> 0 | L50: =IF(Weights!$E50=0,0,$I50*Weights!L50/Weights!$E50) -> 0 | M50: =IF(Weights!$E50=0,0,$I50*Weights!M50/Weights!$E50) -> 0 | N50: =IF(Weights!$E50=0,0,$I50*Weights!N50/Weights!$E50) -> 0 | O50: =IF(Weights!$E50=0,0,$I50*Weights!O50/Weights!$E50) -> 0 | P50: =IF(Weights!$E50=0,0,$I50*Weights!P50/Weights!$E50) -> 0 | Q50: =IF(Weights!$E50=0,0,$I50*Weights!Q50/Weights!$E50) -> 0 | ... GL50: =IF(Weights!$E50=0,0,$I50*Weights!GL50/Weights!$E50) -> 0
A51: PD-WHC | B51: 0-4119 | C51: Civil | D51: 0-4119-Flaggers | G51: 46301 | H51: 46365 | I51: 900 | J51: =IF(Weights!$E51=0,0,$I51*Weights!J51/Weights!$E51) -> 0 | K51: =IF(Weights!$E51=0,0,$I51*Weights!K51/Weights!$E51) -> 0 | L51: =IF(Weights!$E51=0,0,$I51*Weights!L51/Weights!$E51) -> 0 | M51: =IF(Weights!$E51=0,0,$I51*Weights!M51/Weights!$E51) -> 0 | N51: =IF(Weights!$E51=0,0,$I51*Weights!N51/Weights!$E51) -> 0 | O51: =IF(Weights!$E51=0,0,$I51*Weights!O51/Weights!$E51) -> 0 | P51: =IF(Weights!$E51=0,0,$I51*Weights!P51/Weights!$E51) -> 0 | Q51: =IF(Weights!$E51=0,0,$I51*Weights!Q51/Weights!$E51) -> 0 | ... GL51: =IF(Weights!$E51=0,0,$I51*Weights!GL51/Weights!$E51) -> 0
A52: PD-WHC | B52: 0-4120 | C52: Civil | D52: 0-4120-Culverts | E52: 46307 | F52: 46326 | G52: 46307 | H52: 46326 | I52: 2220 | J52: =IF(Weights!$E52=0,0,$I52*Weights!J52/Weights!$E52) -> 0 | K52: =IF(Weights!$E52=0,0,$I52*Weights!K52/Weights!$E52) -> 0 | L52: =IF(Weights!$E52=0,0,$I52*Weights!L52/Weights!$E52) -> 0 | M52: =IF(Weights!$E52=0,0,$I52*Weights!M52/Weights!$E52) -> 0 | N52: =IF(Weights!$E52=0,0,$I52*Weights!N52/Weights!$E52) -> 0 | O52: =IF(Weights!$E52=0,0,$I52*Weights!O52/Weights!$E52) -> 0 | P52: =IF(Weights!$E52=0,0,$I52*Weights!P52/Weights!$E52) -> 0 | Q52: =IF(Weights!$E52=0,0,$I52*Weights!Q52/Weights!$E52) -> 0 | ... GL52: =IF(Weights!$E52=0,0,$I52*Weights!GL52/Weights!$E52) -> 0
A53: PD-WHC | B53: 0-4121 | C53: Civil | D53: 0-4121-Laydown Areas | E53: 46300 | F53: 46321 | G53: 46300 | H53: 46321 | I53: 3200 | J53: =IF(Weights!$E53=0,0,$I53*Weights!J53/Weights!$E53) -> 0 | K53: =IF(Weights!$E53=0,0,$I53*Weights!K53/Weights!$E53) -> 0 | L53: =IF(Weights!$E53=0,0,$I53*Weights!L53/Weights!$E53) -> 0 | M53: =IF(Weights!$E53=0,0,$I53*Weights!M53/Weights!$E53) -> 0 | N53: =IF(Weights!$E53=0,0,$I53*Weights!N53/Weights!$E53) -> 0 | O53: =IF(Weights!$E53=0,0,$I53*Weights!O53/Weights!$E53) -> 0 | P53: =IF(Weights!$E53=0,0,$I53*Weights!P53/Weights!$E53) -> 0 | Q53: =IF(Weights!$E53=0,0,$I53*Weights!Q53/Weights!$E53) -> 0 | ... GL53: =IF(Weights!$E53=0,0,$I53*Weights!GL53/Weights!$E53) -> 0
A54: PD-WHC | B54: 0-4122 | C54: Civil | D54: 0-4122-Road Maintenance | G54: 46301 | H54: 46427 | I54: 1920 | J54: =IF(Weights!$E54=0,0,$I54*Weights!J54/Weights!$E54) -> 0 | K54: =IF(Weights!$E54=0,0,$I54*Weights!K54/Weights!$E54) -> 0 | L54: =IF(Weights!$E54=0,0,$I54*Weights!L54/Weights!$E54) -> 0 | M54: =IF(Weights!$E54=0,0,$I54*Weights!M54/Weights!$E54) -> 0 | N54: =IF(Weights!$E54=0,0,$I54*Weights!N54/Weights!$E54) -> 0 | O54: =IF(Weights!$E54=0,0,$I54*Weights!O54/Weights!$E54) -> 0 | P54: =IF(Weights!$E54=0,0,$I54*Weights!P54/Weights!$E54) -> 0 | Q54: =IF(Weights!$E54=0,0,$I54*Weights!Q54/Weights!$E54) -> 0 | ... GL54: =IF(Weights!$E54=0,0,$I54*Weights!GL54/Weights!$E54) -> 0
A55: PD-WHC | B55: 0-4123 | C55: Civil | D55: 0-4123-Dust Control | G55: 46301 | H55: 46427 | I55: 1200 | J55: =IF(Weights!$E55=0,0,$I55*Weights!J55/Weights!$E55) -> 0 | K55: =IF(Weights!$E55=0,0,$I55*Weights!K55/Weights!$E55) -> 0 | L55: =IF(Weights!$E55=0,0,$I55*Weights!L55/Weights!$E55) -> 0 | M55: =IF(Weights!$E55=0,0,$I55*Weights!M55/Weights!$E55) -> 0 | N55: =IF(Weights!$E55=0,0,$I55*Weights!N55/Weights!$E55) -> 0 | O55: =IF(Weights!$E55=0,0,$I55*Weights!O55/Weights!$E55) -> 0 | P55: =IF(Weights!$E55=0,0,$I55*Weights!P55/Weights!$E55) -> 0 | Q55: =IF(Weights!$E55=0,0,$I55*Weights!Q55/Weights!$E55) -> 0 | ... GL55: =IF(Weights!$E55=0,0,$I55*Weights!GL55/Weights!$E55) -> 0
A56: PD-WHC | B56: 0-4124 | C56: Civil | D56: 0-4124-Dewatering | G56: 46301 | H56: 46427 | I56: 2910 | J56: =IF(Weights!$E56=0,0,$I56*Weights!J56/Weights!$E56) -> 0 | K56: =IF(Weights!$E56=0,0,$I56*Weights!K56/Weights!$E56) -> 0 | L56: =IF(Weights!$E56=0,0,$I56*Weights!L56/Weights!$E56) -> 0 | M56: =IF(Weights!$E56=0,0,$I56*Weights!M56/Weights!$E56) -> 0 | N56: =IF(Weights!$E56=0,0,$I56*Weights!N56/Weights!$E56) -> 0 | O56: =IF(Weights!$E56=0,0,$I56*Weights!O56/Weights!$E56) -> 0 | P56: =IF(Weights!$E56=0,0,$I56*Weights!P56/Weights!$E56) -> 0 | Q56: =IF(Weights!$E56=0,0,$I56*Weights!Q56/Weights!$E56) -> 0 | ... GL56: =IF(Weights!$E56=0,0,$I56*Weights!GL56/Weights!$E56) -> 0
A57: PD-WHC | B57: 0-4125 | C57: Civil | D57: 0-4125-SWPPP Maintenance | G57: 46301 | H57: 46427 | I57: 2400 | J57: =IF(Weights!$E57=0,0,$I57*Weights!J57/Weights!$E57) -> 0 | K57: =IF(Weights!$E57=0,0,$I57*Weights!K57/Weights!$E57) -> 0 | L57: =IF(Weights!$E57=0,0,$I57*Weights!L57/Weights!$E57) -> 0 | M57: =IF(Weights!$E57=0,0,$I57*Weights!M57/Weights!$E57) -> 0 | N57: =IF(Weights!$E57=0,0,$I57*Weights!N57/Weights!$E57) -> 0 | O57: =IF(Weights!$E57=0,0,$I57*Weights!O57/Weights!$E57) -> 0 | P57: =IF(Weights!$E57=0,0,$I57*Weights!P57/Weights!$E57) -> 0 | Q57: =IF(Weights!$E57=0,0,$I57*Weights!Q57/Weights!$E57) -> 0 | ... GL57: =IF(Weights!$E57=0,0,$I57*Weights!GL57/Weights!$E57) -> 0
A58: PD-WHC | B58: 0-4128 | C58: Civil | D58: 0-4128-Basin Installation | E58: 46330 | F58: 46336 | G58: 46330 | H58: 46336 | I58: 470 | J58: =IF(Weights!$E58=0,0,$I58*Weights!J58/Weights!$E58) -> 0 | K58: =IF(Weights!$E58=0,0,$I58*Weights!K58/Weights!$E58) -> 0 | L58: =IF(Weights!$E58=0,0,$I58*Weights!L58/Weights!$E58) -> 0 | M58: =IF(Weights!$E58=0,0,$I58*Weights!M58/Weights!$E58) -> 0 | N58: =IF(Weights!$E58=0,0,$I58*Weights!N58/Weights!$E58) -> 0 | O58: =IF(Weights!$E58=0,0,$I58*Weights!O58/Weights!$E58) -> 0 | P58: =IF(Weights!$E58=0,0,$I58*Weights!P58/Weights!$E58) -> 0 | Q58: =IF(Weights!$E58=0,0,$I58*Weights!Q58/Weights!$E58) -> 0 | ... GL58: =IF(Weights!$E58=0,0,$I58*Weights!GL58/Weights!$E58) -> 0
A59: PD-WHC | B59: 0-4705 | C59: Civil | D59: 0-4705-Inverter Pad | E59: 46366 | F59: 46375 | G59: 46366 | H59: 46375 | I59: 1820 | J59: =IF(Weights!$E59=0,0,$I59*Weights!J59/Weights!$E59) -> 0 | K59: =IF(Weights!$E59=0,0,$I59*Weights!K59/Weights!$E59) -> 0 | L59: =IF(Weights!$E59=0,0,$I59*Weights!L59/Weights!$E59) -> 0 | M59: =IF(Weights!$E59=0,0,$I59*Weights!M59/Weights!$E59) -> 0 | N59: =IF(Weights!$E59=0,0,$I59*Weights!N59/Weights!$E59) -> 0 | O59: =IF(Weights!$E59=0,0,$I59*Weights!O59/Weights!$E59) -> 0 | P59: =IF(Weights!$E59=0,0,$I59*Weights!P59/Weights!$E59) -> 0 | Q59: =IF(Weights!$E59=0,0,$I59*Weights!Q59/Weights!$E59) -> 0 | ... GL59: =IF(Weights!$E59=0,0,$I59*Weights!GL59/Weights!$E59) -> 0
A60: PD-WHC | B60: 0-4300 | C60: PV | D60: 0-4300-Mechanical Receiving | E60: 46315 | F60: 46378 | G60: 46315 | H60: 46378 | I60: 6300 | J60: =IF(Weights!$E60=0,0,$I60*Weights!J60/Weights!$E60) -> 0 | K60: =IF(Weights!$E60=0,0,$I60*Weights!K60/Weights!$E60) -> 0 | L60: =IF(Weights!$E60=0,0,$I60*Weights!L60/Weights!$E60) -> 0 | M60: =IF(Weights!$E60=0,0,$I60*Weights!M60/Weights!$E60) -> 0 | N60: =IF(Weights!$E60=0,0,$I60*Weights!N60/Weights!$E60) -> 0 | O60: =IF(Weights!$E60=0,0,$I60*Weights!O60/Weights!$E60) -> 0 | P60: =IF(Weights!$E60=0,0,$I60*Weights!P60/Weights!$E60) -> 0 | Q60: =IF(Weights!$E60=0,0,$I60*Weights!Q60/Weights!$E60) -> 0 | ... GL60: =IF(Weights!$E60=0,0,$I60*Weights!GL60/Weights!$E60) -> 0
A61: PD-WHC | B61: 0-4301 | C61: PV | D61: 0-4301-Pile Layout | E61: 46325 | F61: 46377 | G61: 46325 | H61: 46377 | I61: 760 | J61: =IF(Weights!$E61=0,0,$I61*Weights!J61/Weights!$E61) -> 0 | K61: =IF(Weights!$E61=0,0,$I61*Weights!K61/Weights!$E61) -> 0 | L61: =IF(Weights!$E61=0,0,$I61*Weights!L61/Weights!$E61) -> 0 | M61: =IF(Weights!$E61=0,0,$I61*Weights!M61/Weights!$E61) -> 0 | N61: =IF(Weights!$E61=0,0,$I61*Weights!N61/Weights!$E61) -> 0 | O61: =IF(Weights!$E61=0,0,$I61*Weights!O61/Weights!$E61) -> 0 | P61: =IF(Weights!$E61=0,0,$I61*Weights!P61/Weights!$E61) -> 0 | Q61: =IF(Weights!$E61=0,0,$I61*Weights!Q61/Weights!$E61) -> 0 | ... GL61: =IF(Weights!$E61=0,0,$I61*Weights!GL61/Weights!$E61) -> 0
A62: PD-WHC | B62: 0-4302 | C62: PV | D62: 0-4302-Pile Installs | E62: 46331 | F62: 46385 | G62: 46331 | H62: 46385 | I62: 3700 | J62: =IF(Weights!$E62=0,0,$I62*Weights!J62/Weights!$E62) -> 0 | K62: =IF(Weights!$E62=0,0,$I62*Weights!K62/Weights!$E62) -> 0 | L62: =IF(Weights!$E62=0,0,$I62*Weights!L62/Weights!$E62) -> 0 | M62: =IF(Weights!$E62=0,0,$I62*Weights!M62/Weights!$E62) -> 0 | N62: =IF(Weights!$E62=0,0,$I62*Weights!N62/Weights!$E62) -> 0 | O62: =IF(Weights!$E62=0,0,$I62*Weights!O62/Weights!$E62) -> 0 | P62: =IF(Weights!$E62=0,0,$I62*Weights!P62/Weights!$E62) -> 0 | Q62: =IF(Weights!$E62=0,0,$I62*Weights!Q62/Weights!$E62) -> 0 | ... GL62: =IF(Weights!$E62=0,0,$I62*Weights!GL62/Weights!$E62) -> 0
A63: PD-WHC | B63: 0-4302-01 | C63: PV | D63: 0-4302-01-Frost Sleeve Install | G63: 46332 | H63: 46377 | I63: 520 | J63: =IF(Weights!$E63=0,0,$I63*Weights!J63/Weights!$E63) -> 0 | K63: =IF(Weights!$E63=0,0,$I63*Weights!K63/Weights!$E63) -> 0 | L63: =IF(Weights!$E63=0,0,$I63*Weights!L63/Weights!$E63) -> 0 | M63: =IF(Weights!$E63=0,0,$I63*Weights!M63/Weights!$E63) -> 0 | N63: =IF(Weights!$E63=0,0,$I63*Weights!N63/Weights!$E63) -> 0 | O63: =IF(Weights!$E63=0,0,$I63*Weights!O63/Weights!$E63) -> 0 | P63: =IF(Weights!$E63=0,0,$I63*Weights!P63/Weights!$E63) -> 0 | Q63: =IF(Weights!$E63=0,0,$I63*Weights!Q63/Weights!$E63) -> 0 | ... GL63: =IF(Weights!$E63=0,0,$I63*Weights!GL63/Weights!$E63) -> 0
A64: NP-WHC | B64: 0-4303 | C64: PV | D64: 0-4303-Pile QAQC | E64: 46337 | F64: 46387 | G64: 46337 | H64: 46387 | I64: 1280 | J64: =IF(Weights!$E64=0,0,$I64*Weights!J64/Weights!$E64) -> 0 | K64: =IF(Weights!$E64=0,0,$I64*Weights!K64/Weights!$E64) -> 0 | L64: =IF(Weights!$E64=0,0,$I64*Weights!L64/Weights!$E64) -> 0 | M64: =IF(Weights!$E64=0,0,$I64*Weights!M64/Weights!$E64) -> 0 | N64: =IF(Weights!$E64=0,0,$I64*Weights!N64/Weights!$E64) -> 0 | O64: =IF(Weights!$E64=0,0,$I64*Weights!O64/Weights!$E64) -> 0 | P64: =IF(Weights!$E64=0,0,$I64*Weights!P64/Weights!$E64) -> 0 | Q64: =IF(Weights!$E64=0,0,$I64*Weights!Q64/Weights!$E64) -> 0 | ... GL64: =IF(Weights!$E64=0,0,$I64*Weights!GL64/Weights!$E64) -> 0
A65: NP-WHC | B65: 0-4304 | C65: PV | D65: 0-4304-Racking Layout | E65: 46343 | F65: 46392 | G65: 46343 | H65: 46392 | I65: 3240 | J65: =IF(Weights!$E65=0,0,$I65*Weights!J65/Weights!$E65) -> 0 | K65: =IF(Weights!$E65=0,0,$I65*Weights!K65/Weights!$E65) -> 0 | L65: =IF(Weights!$E65=0,0,$I65*Weights!L65/Weights!$E65) -> 0 | M65: =IF(Weights!$E65=0,0,$I65*Weights!M65/Weights!$E65) -> 0 | N65: =IF(Weights!$E65=0,0,$I65*Weights!N65/Weights!$E65) -> 0 | O65: =IF(Weights!$E65=0,0,$I65*Weights!O65/Weights!$E65) -> 0 | P65: =IF(Weights!$E65=0,0,$I65*Weights!P65/Weights!$E65) -> 0 | Q65: =IF(Weights!$E65=0,0,$I65*Weights!Q65/Weights!$E65) -> 0 | ... GL65: =IF(Weights!$E65=0,0,$I65*Weights!GL65/Weights!$E65) -> 0
A66: NP-WHC | B66: 0-4305 | C66: PV | D66: 0-4305-Racking Install | E66: 46349 | F66: 46394 | G66: 46349 | H66: 46394 | I66: 19240 | J66: =IF(Weights!$E66=0,0,$I66*Weights!J66/Weights!$E66) -> 0 | K66: =IF(Weights!$E66=0,0,$I66*Weights!K66/Weights!$E66) -> 0 | L66: =IF(Weights!$E66=0,0,$I66*Weights!L66/Weights!$E66) -> 0 | M66: =IF(Weights!$E66=0,0,$I66*Weights!M66/Weights!$E66) -> 0 | N66: =IF(Weights!$E66=0,0,$I66*Weights!N66/Weights!$E66) -> 0 | O66: =IF(Weights!$E66=0,0,$I66*Weights!O66/Weights!$E66) -> 0 | P66: =IF(Weights!$E66=0,0,$I66*Weights!P66/Weights!$E66) -> 0 | Q66: =IF(Weights!$E66=0,0,$I66*Weights!Q66/Weights!$E66) -> 0 | ... GL66: =IF(Weights!$E66=0,0,$I66*Weights!GL66/Weights!$E66) -> 0
A67: NP-WHC | B67: 0-4306 | C67: PV | D67: 0-4306-Racking QAQC | E67: 46359 | F67: 46396 | G67: 46359 | H67: 46396 | I67: 1700 | J67: =IF(Weights!$E67=0,0,$I67*Weights!J67/Weights!$E67) -> 0 | K67: =IF(Weights!$E67=0,0,$I67*Weights!K67/Weights!$E67) -> 0 | L67: =IF(Weights!$E67=0,0,$I67*Weights!L67/Weights!$E67) -> 0 | M67: =IF(Weights!$E67=0,0,$I67*Weights!M67/Weights!$E67) -> 0 | N67: =IF(Weights!$E67=0,0,$I67*Weights!N67/Weights!$E67) -> 0 | O67: =IF(Weights!$E67=0,0,$I67*Weights!O67/Weights!$E67) -> 0 | P67: =IF(Weights!$E67=0,0,$I67*Weights!P67/Weights!$E67) -> 0 | Q67: =IF(Weights!$E67=0,0,$I67*Weights!Q67/Weights!$E67) -> 0 | ... GL67: =IF(Weights!$E67=0,0,$I67*Weights!GL67/Weights!$E67) -> 0
A68: PD-WHC | B68: 0-4307 | C68: PV | D68: 0-4307-Modules Layout | E68: 46359 | F68: 46409 | G68: 46359 | H68: 46409 | I68: 4160 | J68: =IF(Weights!$E68=0,0,$I68*Weights!J68/Weights!$E68) -> 0 | K68: =IF(Weights!$E68=0,0,$I68*Weights!K68/Weights!$E68) -> 0 | L68: =IF(Weights!$E68=0,0,$I68*Weights!L68/Weights!$E68) -> 0 | M68: =IF(Weights!$E68=0,0,$I68*Weights!M68/Weights!$E68) -> 0 | N68: =IF(Weights!$E68=0,0,$I68*Weights!N68/Weights!$E68) -> 0 | O68: =IF(Weights!$E68=0,0,$I68*Weights!O68/Weights!$E68) -> 0 | P68: =IF(Weights!$E68=0,0,$I68*Weights!P68/Weights!$E68) -> 0 | Q68: =IF(Weights!$E68=0,0,$I68*Weights!Q68/Weights!$E68) -> 0 | ... GL68: =IF(Weights!$E68=0,0,$I68*Weights!GL68/Weights!$E68) -> 0
A69: PD-WHC | B69: 0-4308 | C69: PV | D69: 0-4308-Modules Install | E69: 46365 | F69: 46412 | G69: 46365 | H69: 46412 | I69: 14280 | J69: =IF(Weights!$E69=0,0,$I69*Weights!J69/Weights!$E69) -> 0 | K69: =IF(Weights!$E69=0,0,$I69*Weights!K69/Weights!$E69) -> 0 | L69: =IF(Weights!$E69=0,0,$I69*Weights!L69/Weights!$E69) -> 0 | M69: =IF(Weights!$E69=0,0,$I69*Weights!M69/Weights!$E69) -> 0 | N69: =IF(Weights!$E69=0,0,$I69*Weights!N69/Weights!$E69) -> 0 | O69: =IF(Weights!$E69=0,0,$I69*Weights!O69/Weights!$E69) -> 0 | P69: =IF(Weights!$E69=0,0,$I69*Weights!P69/Weights!$E69) -> 0 | Q69: =IF(Weights!$E69=0,0,$I69*Weights!Q69/Weights!$E69) -> 0 | ... GL69: =IF(Weights!$E69=0,0,$I69*Weights!GL69/Weights!$E69) -> 0
A70: PD-WHC | B70: 0-4309 | C70: PV | D70: 0-4309-Modules QAQC | E70: 46371 | F70: 46414 | G70: 46371 | H70: 46414 | I70: 3220 | J70: =IF(Weights!$E70=0,0,$I70*Weights!J70/Weights!$E70) -> 0 | K70: =IF(Weights!$E70=0,0,$I70*Weights!K70/Weights!$E70) -> 0 | L70: =IF(Weights!$E70=0,0,$I70*Weights!L70/Weights!$E70) -> 0 | M70: =IF(Weights!$E70=0,0,$I70*Weights!M70/Weights!$E70) -> 0 | N70: =IF(Weights!$E70=0,0,$I70*Weights!N70/Weights!$E70) -> 0 | O70: =IF(Weights!$E70=0,0,$I70*Weights!O70/Weights!$E70) -> 0 | P70: =IF(Weights!$E70=0,0,$I70*Weights!P70/Weights!$E70) -> 0 | Q70: =IF(Weights!$E70=0,0,$I70*Weights!Q70/Weights!$E70) -> 0 | ... GL70: =IF(Weights!$E70=0,0,$I70*Weights!GL70/Weights!$E70) -> 0
A71: PD-WHC | B71: 0-4320 | C71: PV | D71: 0-4320-Mechanical Punch List | E71: 46417 | F71: 46445 | G71: 46417 | H71: 46445 | I71: 1100 | J71: =IF(Weights!$E71=0,0,$I71*Weights!J71/Weights!$E71) -> 0 | K71: =IF(Weights!$E71=0,0,$I71*Weights!K71/Weights!$E71) -> 0 | L71: =IF(Weights!$E71=0,0,$I71*Weights!L71/Weights!$E71) -> 0 | M71: =IF(Weights!$E71=0,0,$I71*Weights!M71/Weights!$E71) -> 0 | N71: =IF(Weights!$E71=0,0,$I71*Weights!N71/Weights!$E71) -> 0 | O71: =IF(Weights!$E71=0,0,$I71*Weights!O71/Weights!$E71) -> 0 | P71: =IF(Weights!$E71=0,0,$I71*Weights!P71/Weights!$E71) -> 0 | Q71: =IF(Weights!$E71=0,0,$I71*Weights!Q71/Weights!$E71) -> 0 | ... GL71: =IF(Weights!$E71=0,0,$I71*Weights!GL71/Weights!$E71) -> 0
A72: PD-WHC | B72: 0-4400 | C72: PV | D72: 0-4400-Electrical Receiving | G72: 46331 | H72: 46371 | I72: 4000 | J72: =IF(Weights!$E72=0,0,$I72*Weights!J72/Weights!$E72) -> 0 | K72: =IF(Weights!$E72=0,0,$I72*Weights!K72/Weights!$E72) -> 0 | L72: =IF(Weights!$E72=0,0,$I72*Weights!L72/Weights!$E72) -> 0 | M72: =IF(Weights!$E72=0,0,$I72*Weights!M72/Weights!$E72) -> 0 | N72: =IF(Weights!$E72=0,0,$I72*Weights!N72/Weights!$E72) -> 0 | O72: =IF(Weights!$E72=0,0,$I72*Weights!O72/Weights!$E72) -> 0 | P72: =IF(Weights!$E72=0,0,$I72*Weights!P72/Weights!$E72) -> 0 | Q72: =IF(Weights!$E72=0,0,$I72*Weights!Q72/Weights!$E72) -> 0 | ... GL72: =IF(Weights!$E72=0,0,$I72*Weights!GL72/Weights!$E72) -> 0
A73: PD-WHC | B73: 0-4401 | C73: PV | D73: 0-4401-DC Trenching & Boring | E73: 46330 | F73: 46387 | G73: 46330 | H73: 46387 | I73: 1500 | J73: =IF(Weights!$E73=0,0,$I73*Weights!J73/Weights!$E73) -> 0 | K73: =IF(Weights!$E73=0,0,$I73*Weights!K73/Weights!$E73) -> 0 | L73: =IF(Weights!$E73=0,0,$I73*Weights!L73/Weights!$E73) -> 0 | M73: =IF(Weights!$E73=0,0,$I73*Weights!M73/Weights!$E73) -> 0 | N73: =IF(Weights!$E73=0,0,$I73*Weights!N73/Weights!$E73) -> 0 | O73: =IF(Weights!$E73=0,0,$I73*Weights!O73/Weights!$E73) -> 0 | P73: =IF(Weights!$E73=0,0,$I73*Weights!P73/Weights!$E73) -> 0 | Q73: =IF(Weights!$E73=0,0,$I73*Weights!Q73/Weights!$E73) -> 0 | ... GL73: =IF(Weights!$E73=0,0,$I73*Weights!GL73/Weights!$E73) -> 0
A74: PD-WHC | B74: 0-4402 | C74: PV | D74: 0-4402-Transitions Pre-Fab | E74: 46330 | F74: 46359 | G74: 46330 | H74: 46359 | I74: 700 | J74: =IF(Weights!$E74=0,0,$I74*Weights!J74/Weights!$E74) -> 0 | K74: =IF(Weights!$E74=0,0,$I74*Weights!K74/Weights!$E74) -> 0 | L74: =IF(Weights!$E74=0,0,$I74*Weights!L74/Weights!$E74) -> 0 | M74: =IF(Weights!$E74=0,0,$I74*Weights!M74/Weights!$E74) -> 0 | N74: =IF(Weights!$E74=0,0,$I74*Weights!N74/Weights!$E74) -> 0 | O74: =IF(Weights!$E74=0,0,$I74*Weights!O74/Weights!$E74) -> 0 | P74: =IF(Weights!$E74=0,0,$I74*Weights!P74/Weights!$E74) -> 0 | Q74: =IF(Weights!$E74=0,0,$I74*Weights!Q74/Weights!$E74) -> 0 | ... GL74: =IF(Weights!$E74=0,0,$I74*Weights!GL74/Weights!$E74) -> 0
A75: PD-SUB | B75: 0-4403 | C75: PV | D75: 0-4403-DC Transitions Install | E75: 46335 | F75: 46365 | G75: 46335 | H75: 46365 | I75: 1000 | J75: =IF(Weights!$E75=0,0,$I75*Weights!J75/Weights!$E75) -> 0 | K75: =IF(Weights!$E75=0,0,$I75*Weights!K75/Weights!$E75) -> 0 | L75: =IF(Weights!$E75=0,0,$I75*Weights!L75/Weights!$E75) -> 0 | M75: =IF(Weights!$E75=0,0,$I75*Weights!M75/Weights!$E75) -> 0 | N75: =IF(Weights!$E75=0,0,$I75*Weights!N75/Weights!$E75) -> 0 | O75: =IF(Weights!$E75=0,0,$I75*Weights!O75/Weights!$E75) -> 0 | P75: =IF(Weights!$E75=0,0,$I75*Weights!P75/Weights!$E75) -> 0 | Q75: =IF(Weights!$E75=0,0,$I75*Weights!Q75/Weights!$E75) -> 0 | ... GL75: =IF(Weights!$E75=0,0,$I75*Weights!GL75/Weights!$E75) -> 0
A76: PD-WHC | B76: 0-4405 | C76: PV | D76: 0-4405-DC Homerun | E76: 46332 | F76: 46364 | G76: 46332 | H76: 46364 | I76: 2160 | J76: =IF(Weights!$E76=0,0,$I76*Weights!J76/Weights!$E76) -> 0 | K76: =IF(Weights!$E76=0,0,$I76*Weights!K76/Weights!$E76) -> 0 | L76: =IF(Weights!$E76=0,0,$I76*Weights!L76/Weights!$E76) -> 0 | M76: =IF(Weights!$E76=0,0,$I76*Weights!M76/Weights!$E76) -> 0 | N76: =IF(Weights!$E76=0,0,$I76*Weights!N76/Weights!$E76) -> 0 | O76: =IF(Weights!$E76=0,0,$I76*Weights!O76/Weights!$E76) -> 0 | P76: =IF(Weights!$E76=0,0,$I76*Weights!P76/Weights!$E76) -> 0 | Q76: =IF(Weights!$E76=0,0,$I76*Weights!Q76/Weights!$E76) -> 0 | ... GL76: =IF(Weights!$E76=0,0,$I76*Weights!GL76/Weights!$E76) -> 0
A77: PD-WHC | B77: 0-4407 | C77: PV | D77: 0-4407-Module Wiring | E77: 46374 | F77: 46416 | G77: 46374 | H77: 46416 | I77: 2310 | J77: =IF(Weights!$E77=0,0,$I77*Weights!J77/Weights!$E77) -> 0 | K77: =IF(Weights!$E77=0,0,$I77*Weights!K77/Weights!$E77) -> 0 | L77: =IF(Weights!$E77=0,0,$I77*Weights!L77/Weights!$E77) -> 0 | M77: =IF(Weights!$E77=0,0,$I77*Weights!M77/Weights!$E77) -> 0 | N77: =IF(Weights!$E77=0,0,$I77*Weights!N77/Weights!$E77) -> 0 | O77: =IF(Weights!$E77=0,0,$I77*Weights!O77/Weights!$E77) -> 0 | P77: =IF(Weights!$E77=0,0,$I77*Weights!P77/Weights!$E77) -> 0 | Q77: =IF(Weights!$E77=0,0,$I77*Weights!Q77/Weights!$E77) -> 0 | ... GL77: =IF(Weights!$E77=0,0,$I77*Weights!GL77/Weights!$E77) -> 0
A78: PD-WHC | B78: 0-4408 | C78: PV | D78: 0-4408-Harness Install | E78: 46378 | F78: 46417 | G78: 46378 | H78: 46417 | I78: 4370 | J78: =IF(Weights!$E78=0,0,$I78*Weights!J78/Weights!$E78) -> 0 | K78: =IF(Weights!$E78=0,0,$I78*Weights!K78/Weights!$E78) -> 0 | L78: =IF(Weights!$E78=0,0,$I78*Weights!L78/Weights!$E78) -> 0 | M78: =IF(Weights!$E78=0,0,$I78*Weights!M78/Weights!$E78) -> 0 | N78: =IF(Weights!$E78=0,0,$I78*Weights!N78/Weights!$E78) -> 0 | O78: =IF(Weights!$E78=0,0,$I78*Weights!O78/Weights!$E78) -> 0 | P78: =IF(Weights!$E78=0,0,$I78*Weights!P78/Weights!$E78) -> 0 | Q78: =IF(Weights!$E78=0,0,$I78*Weights!Q78/Weights!$E78) -> 0 | ... GL78: =IF(Weights!$E78=0,0,$I78*Weights!GL78/Weights!$E78) -> 0
A79: PD-WHC | B79: 0-4410 | C79: PV | D79: 0-4410-DC Terminations | E79: 46387 | F79: 46487 | G79: 46387 | H79: 46487 | I79: 1150 | J79: =IF(Weights!$E79=0,0,$I79*Weights!J79/Weights!$E79) -> 0 | K79: =IF(Weights!$E79=0,0,$I79*Weights!K79/Weights!$E79) -> 0 | L79: =IF(Weights!$E79=0,0,$I79*Weights!L79/Weights!$E79) -> 0 | M79: =IF(Weights!$E79=0,0,$I79*Weights!M79/Weights!$E79) -> 0 | N79: =IF(Weights!$E79=0,0,$I79*Weights!N79/Weights!$E79) -> 0 | O79: =IF(Weights!$E79=0,0,$I79*Weights!O79/Weights!$E79) -> 0 | P79: =IF(Weights!$E79=0,0,$I79*Weights!P79/Weights!$E79) -> 0 | Q79: =IF(Weights!$E79=0,0,$I79*Weights!Q79/Weights!$E79) -> 0 | ... GL79: =IF(Weights!$E79=0,0,$I79*Weights!GL79/Weights!$E79) -> 0
A80: PD-WHC | B80: 0-4411 | C80: PV | D80: 0-4411-LBD Install | E80: 46371 | F80: 46413 | G80: 46371 | H80: 46413 | I80: 1200 | J80: =IF(Weights!$E80=0,0,$I80*Weights!J80/Weights!$E80) -> 0 | K80: =IF(Weights!$E80=0,0,$I80*Weights!K80/Weights!$E80) -> 0 | L80: =IF(Weights!$E80=0,0,$I80*Weights!L80/Weights!$E80) -> 0 | M80: =IF(Weights!$E80=0,0,$I80*Weights!M80/Weights!$E80) -> 0 | N80: =IF(Weights!$E80=0,0,$I80*Weights!N80/Weights!$E80) -> 0 | O80: =IF(Weights!$E80=0,0,$I80*Weights!O80/Weights!$E80) -> 0 | P80: =IF(Weights!$E80=0,0,$I80*Weights!P80/Weights!$E80) -> 0 | Q80: =IF(Weights!$E80=0,0,$I80*Weights!Q80/Weights!$E80) -> 0 | ... GL80: =IF(Weights!$E80=0,0,$I80*Weights!GL80/Weights!$E80) -> 0
A81: PD-WHC | B81: 0-4412 | C81: PV | D81: 0-4412-CAB System Install | E81: 46372 | F81: 46412 | G81: 46372 | H81: 46412 | I81: 4400 | J81: =IF(Weights!$E81=0,0,$I81*Weights!J81/Weights!$E81) -> 0 | K81: =IF(Weights!$E81=0,0,$I81*Weights!K81/Weights!$E81) -> 0 | L81: =IF(Weights!$E81=0,0,$I81*Weights!L81/Weights!$E81) -> 0 | M81: =IF(Weights!$E81=0,0,$I81*Weights!M81/Weights!$E81) -> 0 | N81: =IF(Weights!$E81=0,0,$I81*Weights!N81/Weights!$E81) -> 0 | O81: =IF(Weights!$E81=0,0,$I81*Weights!O81/Weights!$E81) -> 0 | P81: =IF(Weights!$E81=0,0,$I81*Weights!P81/Weights!$E81) -> 0 | Q81: =IF(Weights!$E81=0,0,$I81*Weights!Q81/Weights!$E81) -> 0 | ... GL81: =IF(Weights!$E81=0,0,$I81*Weights!GL81/Weights!$E81) -> 0
A82: PD-WHC | B82: 0-4413 | C82: PV | D82: 0-4413-DC Testing | E82: 46337 | F82: 46434 | G82: 46337 | H82: 46434 | I82: 2320 | J82: =IF(Weights!$E82=0,0,$I82*Weights!J82/Weights!$E82) -> 0 | K82: =IF(Weights!$E82=0,0,$I82*Weights!K82/Weights!$E82) -> 0 | L82: =IF(Weights!$E82=0,0,$I82*Weights!L82/Weights!$E82) -> 0 | M82: =IF(Weights!$E82=0,0,$I82*Weights!M82/Weights!$E82) -> 0 | N82: =IF(Weights!$E82=0,0,$I82*Weights!N82/Weights!$E82) -> 0 | O82: =IF(Weights!$E82=0,0,$I82*Weights!O82/Weights!$E82) -> 0 | P82: =IF(Weights!$E82=0,0,$I82*Weights!P82/Weights!$E82) -> 0 | Q82: =IF(Weights!$E82=0,0,$I82*Weights!Q82/Weights!$E82) -> 0 | ... GL82: =IF(Weights!$E82=0,0,$I82*Weights!GL82/Weights!$E82) -> 0
A83: NP-WHC | B83: 0-4414 | C83: PV | D83: 0-4414- Commisioning | E83: 46340 | F83: 46539 | G83: 46340 | H83: 46539 | I83: 4680 | J83: =IF(Weights!$E83=0,0,$I83*Weights!J83/Weights!$E83) -> 0 | K83: =IF(Weights!$E83=0,0,$I83*Weights!K83/Weights!$E83) -> 0 | L83: =IF(Weights!$E83=0,0,$I83*Weights!L83/Weights!$E83) -> 0 | M83: =IF(Weights!$E83=0,0,$I83*Weights!M83/Weights!$E83) -> 0 | N83: =IF(Weights!$E83=0,0,$I83*Weights!N83/Weights!$E83) -> 0 | O83: =IF(Weights!$E83=0,0,$I83*Weights!O83/Weights!$E83) -> 0 | P83: =IF(Weights!$E83=0,0,$I83*Weights!P83/Weights!$E83) -> 0 | Q83: =IF(Weights!$E83=0,0,$I83*Weights!Q83/Weights!$E83) -> 0 | ... GL83: =IF(Weights!$E83=0,0,$I83*Weights!GL83/Weights!$E83) -> 0
A84: PD-WHC | B84: 0-4415 | C84: PV | D84: 0-4415-Grounding | E84: 46340 | F84: 46368 | G84: 46340 | H84: 46368 | I84: 510 | J84: =IF(Weights!$E84=0,0,$I84*Weights!J84/Weights!$E84) -> 0 | K84: =IF(Weights!$E84=0,0,$I84*Weights!K84/Weights!$E84) -> 0 | L84: =IF(Weights!$E84=0,0,$I84*Weights!L84/Weights!$E84) -> 0 | M84: =IF(Weights!$E84=0,0,$I84*Weights!M84/Weights!$E84) -> 0 | N84: =IF(Weights!$E84=0,0,$I84*Weights!N84/Weights!$E84) -> 0 | O84: =IF(Weights!$E84=0,0,$I84*Weights!O84/Weights!$E84) -> 0 | P84: =IF(Weights!$E84=0,0,$I84*Weights!P84/Weights!$E84) -> 0 | Q84: =IF(Weights!$E84=0,0,$I84*Weights!Q84/Weights!$E84) -> 0 | ... GL84: =IF(Weights!$E84=0,0,$I84*Weights!GL84/Weights!$E84) -> 0
... A86: NP-WHC | B86: 0-4420 | C86: PV | D86: 0-4420-Electrical DC Punch List | E86: 46421 | F86: 46507 | G86: 46421 | H86: 46507 | I86: 480 | J86: =IF(Weights!$E86=0,0,$I86*Weights!J86/Weights!$E86) -> 0 | K86: =IF(Weights!$E86=0,0,$I86*Weights!K86/Weights!$E86) -> 0 | L86: =IF(Weights!$E86=0,0,$I86*Weights!L86/Weights!$E86) -> 0 | M86: =IF(Weights!$E86=0,0,$I86*Weights!M86/Weights!$E86) -> 0 | N86: =IF(Weights!$E86=0,0,$I86*Weights!N86/Weights!$E86) -> 0 | O86: =IF(Weights!$E86=0,0,$I86*Weights!O86/Weights!$E86) -> 0 | P86: =IF(Weights!$E86=0,0,$I86*Weights!P86/Weights!$E86) -> 0 | Q86: =IF(Weights!$E86=0,0,$I86*Weights!Q86/Weights!$E86) -> 0 | ... GL86: =IF(Weights!$E86=0,0,$I86*Weights!GL86/Weights!$E86) -> 0
A87: NP-WHC | B87: 0-4421 | C87: PV | D87: 0-4421-Electrical QC | G87: 46328 | H87: 46499 | I87: 660 | J87: =IF(Weights!$E87=0,0,$I87*Weights!J87/Weights!$E87) -> 0 | K87: =IF(Weights!$E87=0,0,$I87*Weights!K87/Weights!$E87) -> 0 | L87: =IF(Weights!$E87=0,0,$I87*Weights!L87/Weights!$E87) -> 0 | M87: =IF(Weights!$E87=0,0,$I87*Weights!M87/Weights!$E87) -> 0 | N87: =IF(Weights!$E87=0,0,$I87*Weights!N87/Weights!$E87) -> 0 | O87: =IF(Weights!$E87=0,0,$I87*Weights!O87/Weights!$E87) -> 0 | P87: =IF(Weights!$E87=0,0,$I87*Weights!P87/Weights!$E87) -> 0 | Q87: =IF(Weights!$E87=0,0,$I87*Weights!Q87/Weights!$E87) -> 0 | ... GL87: =IF(Weights!$E87=0,0,$I87*Weights!GL87/Weights!$E87) -> 0
A88: NP-WHC | B88: 0-4500 | C88: PV | D88: 0-4500-AC-MV Cable Plow | E88: 46359 | F88: 46394 | G88: 46359 | H88: 46394 | I88: 2300 | J88: =IF(Weights!$E88=0,0,$I88*Weights!J88/Weights!$E88) -> 0 | K88: =IF(Weights!$E88=0,0,$I88*Weights!K88/Weights!$E88) -> 0 | L88: =IF(Weights!$E88=0,0,$I88*Weights!L88/Weights!$E88) -> 0 | M88: =IF(Weights!$E88=0,0,$I88*Weights!M88/Weights!$E88) -> 0 | N88: =IF(Weights!$E88=0,0,$I88*Weights!N88/Weights!$E88) -> 0 | O88: =IF(Weights!$E88=0,0,$I88*Weights!O88/Weights!$E88) -> 0 | P88: =IF(Weights!$E88=0,0,$I88*Weights!P88/Weights!$E88) -> 0 | Q88: =IF(Weights!$E88=0,0,$I88*Weights!Q88/Weights!$E88) -> 0 | ... GL88: =IF(Weights!$E88=0,0,$I88*Weights!GL88/Weights!$E88) -> 0
A89: NP-WHC | B89: 0-4501 | C89: PV | D89: 0-4501-AC-MV Terminations | E89: 46360 | F89: 46497 | G89: 46360 | H89: 46497 | I89: 750 | J89: =IF(Weights!$E89=0,0,$I89*Weights!J89/Weights!$E89) -> 0 | K89: =IF(Weights!$E89=0,0,$I89*Weights!K89/Weights!$E89) -> 0 | L89: =IF(Weights!$E89=0,0,$I89*Weights!L89/Weights!$E89) -> 0 | M89: =IF(Weights!$E89=0,0,$I89*Weights!M89/Weights!$E89) -> 0 | N89: =IF(Weights!$E89=0,0,$I89*Weights!N89/Weights!$E89) -> 0 | O89: =IF(Weights!$E89=0,0,$I89*Weights!O89/Weights!$E89) -> 0 | P89: =IF(Weights!$E89=0,0,$I89*Weights!P89/Weights!$E89) -> 0 | Q89: =IF(Weights!$E89=0,0,$I89*Weights!Q89/Weights!$E89) -> 0 | ... GL89: =IF(Weights!$E89=0,0,$I89*Weights!GL89/Weights!$E89) -> 0
A90: PD-WHC | B90: 0-4503 | C90: PV | D90: 0-4503-AC-MV Tie-Ins | E90: 46330 | F90: 46359 | G90: 46330 | H90: 46359 | I90: 700 | J90: =IF(Weights!$E90=0,0,$I90*Weights!J90/Weights!$E90) -> 0 | K90: =IF(Weights!$E90=0,0,$I90*Weights!K90/Weights!$E90) -> 0 | L90: =IF(Weights!$E90=0,0,$I90*Weights!L90/Weights!$E90) -> 0 | M90: =IF(Weights!$E90=0,0,$I90*Weights!M90/Weights!$E90) -> 0 | N90: =IF(Weights!$E90=0,0,$I90*Weights!N90/Weights!$E90) -> 0 | O90: =IF(Weights!$E90=0,0,$I90*Weights!O90/Weights!$E90) -> 0 | P90: =IF(Weights!$E90=0,0,$I90*Weights!P90/Weights!$E90) -> 0 | Q90: =IF(Weights!$E90=0,0,$I90*Weights!Q90/Weights!$E90) -> 0 | ... GL90: =IF(Weights!$E90=0,0,$I90*Weights!GL90/Weights!$E90) -> 0
A91: PD-WHC | B91: 0-4511 | C91: PV | D91: 0-4511-Junction Box | G91: 46361 | H91: 46399 | I91: 600 | J91: =IF(Weights!$E91=0,0,$I91*Weights!J91/Weights!$E91) -> 0 | K91: =IF(Weights!$E91=0,0,$I91*Weights!K91/Weights!$E91) -> 0 | L91: =IF(Weights!$E91=0,0,$I91*Weights!L91/Weights!$E91) -> 0 | M91: =IF(Weights!$E91=0,0,$I91*Weights!M91/Weights!$E91) -> 0 | N91: =IF(Weights!$E91=0,0,$I91*Weights!N91/Weights!$E91) -> 0 | O91: =IF(Weights!$E91=0,0,$I91*Weights!O91/Weights!$E91) -> 0 | P91: =IF(Weights!$E91=0,0,$I91*Weights!P91/Weights!$E91) -> 0 | Q91: =IF(Weights!$E91=0,0,$I91*Weights!Q91/Weights!$E91) -> 0 | ... GL91: =IF(Weights!$E91=0,0,$I91*Weights!GL91/Weights!$E91) -> 0
A92: PD-WHC | B92: 0-4512 | C92: PV | D92: 0-4512-AC Testing | E92: 46331 | F92: 46499 | G92: 46331 | H92: 46499 | I92: 1800 | J92: =IF(Weights!$E92=0,0,$I92*Weights!J92/Weights!$E92) -> 0 | K92: =IF(Weights!$E92=0,0,$I92*Weights!K92/Weights!$E92) -> 0 | L92: =IF(Weights!$E92=0,0,$I92*Weights!L92/Weights!$E92) -> 0 | M92: =IF(Weights!$E92=0,0,$I92*Weights!M92/Weights!$E92) -> 0 | N92: =IF(Weights!$E92=0,0,$I92*Weights!N92/Weights!$E92) -> 0 | O92: =IF(Weights!$E92=0,0,$I92*Weights!O92/Weights!$E92) -> 0 | P92: =IF(Weights!$E92=0,0,$I92*Weights!P92/Weights!$E92) -> 0 | Q92: =IF(Weights!$E92=0,0,$I92*Weights!Q92/Weights!$E92) -> 0 | ... GL92: =IF(Weights!$E92=0,0,$I92*Weights!GL92/Weights!$E92) -> 0
A93: PD-WHC | B93: 0-4520 | C93: PV | D93: 0-4520-Electrical MV Punch List | E93: 46478 | F93: 46499 | G93: 46478 | H93: 46499 | I93: 1800 | J93: =IF(Weights!$E93=0,0,$I93*Weights!J93/Weights!$E93) -> 0 | K93: =IF(Weights!$E93=0,0,$I93*Weights!K93/Weights!$E93) -> 0 | L93: =IF(Weights!$E93=0,0,$I93*Weights!L93/Weights!$E93) -> 0 | M93: =IF(Weights!$E93=0,0,$I93*Weights!M93/Weights!$E93) -> 0 | N93: =IF(Weights!$E93=0,0,$I93*Weights!N93/Weights!$E93) -> 0 | O93: =IF(Weights!$E93=0,0,$I93*Weights!O93/Weights!$E93) -> 0 | P93: =IF(Weights!$E93=0,0,$I93*Weights!P93/Weights!$E93) -> 0 | Q93: =IF(Weights!$E93=0,0,$I93*Weights!Q93/Weights!$E93) -> 0 | ... GL93: =IF(Weights!$E93=0,0,$I93*Weights!GL93/Weights!$E93) -> 0
A94: NP-WHC | B94: 0-4602 | C94: PV | D94: 0-4602-Fiber Terminations | E94: 46477 | F94: 46498 | G94: 46477 | H94: 46498 | I94: 650 | J94: =IF(Weights!$E94=0,0,$I94*Weights!J94/Weights!$E94) -> 0 | K94: =IF(Weights!$E94=0,0,$I94*Weights!K94/Weights!$E94) -> 0 | L94: =IF(Weights!$E94=0,0,$I94*Weights!L94/Weights!$E94) -> 0 | M94: =IF(Weights!$E94=0,0,$I94*Weights!M94/Weights!$E94) -> 0 | N94: =IF(Weights!$E94=0,0,$I94*Weights!N94/Weights!$E94) -> 0 | O94: =IF(Weights!$E94=0,0,$I94*Weights!O94/Weights!$E94) -> 0 | P94: =IF(Weights!$E94=0,0,$I94*Weights!P94/Weights!$E94) -> 0 | Q94: =IF(Weights!$E94=0,0,$I94*Weights!Q94/Weights!$E94) -> 0 | ... GL94: =IF(Weights!$E94=0,0,$I94*Weights!GL94/Weights!$E94) -> 0
A95: NP-WHC | B95: 0-4700 | C95: PV | D95: 0-4700-Inv Skid Excavation | E95: 46326 | F95: 46357 | G95: 46326 | H95: 46357 | I95: 520 | J95: =IF(Weights!$E95=0,0,$I95*Weights!J95/Weights!$E95) -> 0 | K95: =IF(Weights!$E95=0,0,$I95*Weights!K95/Weights!$E95) -> 0 | L95: =IF(Weights!$E95=0,0,$I95*Weights!L95/Weights!$E95) -> 0 | M95: =IF(Weights!$E95=0,0,$I95*Weights!M95/Weights!$E95) -> 0 | N95: =IF(Weights!$E95=0,0,$I95*Weights!N95/Weights!$E95) -> 0 | O95: =IF(Weights!$E95=0,0,$I95*Weights!O95/Weights!$E95) -> 0 | P95: =IF(Weights!$E95=0,0,$I95*Weights!P95/Weights!$E95) -> 0 | Q95: =IF(Weights!$E95=0,0,$I95*Weights!Q95/Weights!$E95) -> 0 | ... GL95: =IF(Weights!$E95=0,0,$I95*Weights!GL95/Weights!$E95) -> 0
A96: NP-WHC | B96: 0-4701 | C96: PV | D96: 0-4701-Inv Skid Conduit | E96: 46328 | F96: 46358 | G96: 46328 | H96: 46358 | I96: 1040 | J96: =IF(Weights!$E96=0,0,$I96*Weights!J96/Weights!$E96) -> 0 | K96: =IF(Weights!$E96=0,0,$I96*Weights!K96/Weights!$E96) -> 0 | L96: =IF(Weights!$E96=0,0,$I96*Weights!L96/Weights!$E96) -> 0 | M96: =IF(Weights!$E96=0,0,$I96*Weights!M96/Weights!$E96) -> 0 | N96: =IF(Weights!$E96=0,0,$I96*Weights!N96/Weights!$E96) -> 0 | O96: =IF(Weights!$E96=0,0,$I96*Weights!O96/Weights!$E96) -> 0 | P96: =IF(Weights!$E96=0,0,$I96*Weights!P96/Weights!$E96) -> 0 | Q96: =IF(Weights!$E96=0,0,$I96*Weights!Q96/Weights!$E96) -> 0 | ... GL96: =IF(Weights!$E96=0,0,$I96*Weights!GL96/Weights!$E96) -> 0
A97: NP-WHC | B97: 0-4702 | C97: PV | D97: 0-4702-Inv Skid Backfill | E97: 46335 | F97: 46365 | G97: 46335 | H97: 46365 | I97: 520 | J97: =IF(Weights!$E97=0,0,$I97*Weights!J97/Weights!$E97) -> 0 | K97: =IF(Weights!$E97=0,0,$I97*Weights!K97/Weights!$E97) -> 0 | L97: =IF(Weights!$E97=0,0,$I97*Weights!L97/Weights!$E97) -> 0 | M97: =IF(Weights!$E97=0,0,$I97*Weights!M97/Weights!$E97) -> 0 | N97: =IF(Weights!$E97=0,0,$I97*Weights!N97/Weights!$E97) -> 0 | O97: =IF(Weights!$E97=0,0,$I97*Weights!O97/Weights!$E97) -> 0 | P97: =IF(Weights!$E97=0,0,$I97*Weights!P97/Weights!$E97) -> 0 | Q97: =IF(Weights!$E97=0,0,$I97*Weights!Q97/Weights!$E97) -> 0 | ... GL97: =IF(Weights!$E97=0,0,$I97*Weights!GL97/Weights!$E97) -> 0
A98: NP-WHC | B98: 0-4703 | C98: PV | D98: 0-4703-Inv Pile Caps | E98: 46339 | F98: 46366 | G98: 46339 | H98: 46366 | I98: 390 | J98: =IF(Weights!$E98=0,0,$I98*Weights!J98/Weights!$E98) -> 0 | K98: =IF(Weights!$E98=0,0,$I98*Weights!K98/Weights!$E98) -> 0 | L98: =IF(Weights!$E98=0,0,$I98*Weights!L98/Weights!$E98) -> 0 | M98: =IF(Weights!$E98=0,0,$I98*Weights!M98/Weights!$E98) -> 0 | N98: =IF(Weights!$E98=0,0,$I98*Weights!N98/Weights!$E98) -> 0 | O98: =IF(Weights!$E98=0,0,$I98*Weights!O98/Weights!$E98) -> 0 | P98: =IF(Weights!$E98=0,0,$I98*Weights!P98/Weights!$E98) -> 0 | Q98: =IF(Weights!$E98=0,0,$I98*Weights!Q98/Weights!$E98) -> 0 | ... GL98: =IF(Weights!$E98=0,0,$I98*Weights!GL98/Weights!$E98) -> 0
A99: NP-WHC | B99: 0-4704 | C99: PV | D99: 0-4704-Inv Skid Setting | E99: 46470 | F99: 46476 | G99: 46470 | H99: 46476 | I99: 540 | J99: =IF(Weights!$E99=0,0,$I99*Weights!J99/Weights!$E99) -> 0 | K99: =IF(Weights!$E99=0,0,$I99*Weights!K99/Weights!$E99) -> 0 | L99: =IF(Weights!$E99=0,0,$I99*Weights!L99/Weights!$E99) -> 0 | M99: =IF(Weights!$E99=0,0,$I99*Weights!M99/Weights!$E99) -> 0 | N99: =IF(Weights!$E99=0,0,$I99*Weights!N99/Weights!$E99) -> 0 | O99: =IF(Weights!$E99=0,0,$I99*Weights!O99/Weights!$E99) -> 0 | P99: =IF(Weights!$E99=0,0,$I99*Weights!P99/Weights!$E99) -> 0 | Q99: =IF(Weights!$E99=0,0,$I99*Weights!Q99/Weights!$E99) -> 0 | ... GL99: =IF(Weights!$E99=0,0,$I99*Weights!GL99/Weights!$E99) -> 0
A100: NP-WHC | B100: 2-4004 | C100: SS | D100: 2-4004-T-Line | E100: 46329 | F100: 46417 | G100: 46329 | H100: 46417 | I100: 0 | J100: =IF(Weights!$E100=0,0,$I100*Weights!J100/Weights!$E100) -> 0 | K100: =IF(Weights!$E100=0,0,$I100*Weights!K100/Weights!$E100) -> 0 | L100: =IF(Weights!$E100=0,0,$I100*Weights!L100/Weights!$E100) -> 0 | M100: =IF(Weights!$E100=0,0,$I100*Weights!M100/Weights!$E100) -> 0 | N100: =IF(Weights!$E100=0,0,$I100*Weights!N100/Weights!$E100) -> 0 | O100: =IF(Weights!$E100=0,0,$I100*Weights!O100/Weights!$E100) -> 0 | P100: =IF(Weights!$E100=0,0,$I100*Weights!P100/Weights!$E100) -> 0 | Q100: =IF(Weights!$E100=0,0,$I100*Weights!Q100/Weights!$E100) -> 0 | ... GL100: =IF(Weights!$E100=0,0,$I100*Weights!GL100/Weights!$E100) -> 0
A101: NP-WHC | B101: 2-4021 | C101: SS | D101: 2-4021-Pier Foundations | E101: 46342 | F101: 46347 | G101: 46342 | H101: 46347 | I101: 1820 | J101: =IF(Weights!$E101=0,0,$I101*Weights!J101/Weights!$E101) -> 0 | K101: =IF(Weights!$E101=0,0,$I101*Weights!K101/Weights!$E101) -> 0 | L101: =IF(Weights!$E101=0,0,$I101*Weights!L101/Weights!$E101) -> 0 | M101: =IF(Weights!$E101=0,0,$I101*Weights!M101/Weights!$E101) -> 0 | N101: =IF(Weights!$E101=0,0,$I101*Weights!N101/Weights!$E101) -> 0 | O101: =IF(Weights!$E101=0,0,$I101*Weights!O101/Weights!$E101) -> 0 | P101: =IF(Weights!$E101=0,0,$I101*Weights!P101/Weights!$E101) -> 0 | Q101: =IF(Weights!$E101=0,0,$I101*Weights!Q101/Weights!$E101) -> 0 | ... GL101: =IF(Weights!$E101=0,0,$I101*Weights!GL101/Weights!$E101) -> 0
...

Sheet Holidays
A1: Holiday | B1: Date (Observed) | C1: Type | D1: Week Factor | F1: Week Factor Inputs
A2: New Year's Day | B2: 46023 | C2: Minor | D2: =IF(C2="Major",$G$3,$G$2) -> 0.8 | F2: Minor holiday week | G2: 0.8
A3: Memorial Day | B3: 46167 | C3: Minor | D3: =IF(C3="Major",$G$3,$G$2) -> 0.8 | F3: Major holiday week (skip) | G3: 0
A4: Independence Day | B4: 46206 | C4: Minor | D4: =IF(C4="Major",$G$3,$G$2) -> 0.8
A5: Labor Day | B5: 46272 | C5: Minor | D5: =IF(C5="Major",$G$3,$G$2) -> 0.8 | F5: Factor = share of a normal week's hours worked in that holiday's week (Mon–Sun). 0 = week skipped.
A6: Thanksgiving | B6: 46352 | C6: Major | D6: =IF(C6="Major",$G$3,$G$2) -> 0
A7: Christmas | B7: 46381 | C7: Major | D7: =IF(C7="Major",$G$3,$G$2) -> 0
A8: New Year's Day | B8: 46388 | C8: Minor | D8: =IF(C8="Major",$G$3,$G$2) -> 0.8
A9: Memorial Day | B9: 46538 | C9: Minor | D9: =IF(C9="Major",$G$3,$G$2) -> 0.8
A10: Independence Day | B10: 46573 | C10: Minor | D10: =IF(C10="Major",$G$3,$G$2) -> 0.8
A11: Labor Day | B11: 46636 | C11: Minor | D11: =IF(C11="Major",$G$3,$G$2) -> 0.8
A12: Thanksgiving | B12: 46716 | C12: Major | D12: =IF(C12="Major",$G$3,$G$2) -> 0
A13: Christmas | B13: 46745 | C13: Major | D13: =IF(C13="Major",$G$3,$G$2) -> 0
A14: New Year's Day | B14: 46752 | C14: Minor | D14: =IF(C14="Major",$G$3,$G$2) -> 0.8
A15: Memorial Day | B15: 46902 | C15: Minor | D15: =IF(C15="Major",$G$3,$G$2) -> 0.8
A16: Independence Day | B16: 46938 | C16: Minor | D16: =IF(C16="Major",$G$3,$G$2) -> 0.8
A17: Labor Day | B17: 47000 | C17: Minor | D17: =IF(C17="Major",$G$3,$G$2) -> 0.8
... A25: Christmas | B25: 47477 | C25: Major | D25: =IF(C25="Major",$G$3,$G$2) -> 0

Sheet Weights
A1: Cost Code | B1: Activity | C1: Curve | E1: Sum of Weights | G1: Start Date | H1: Finish Date | I1: Working Wks | J1: =Sheet1!J1 -> 46194 | K1: =Sheet1!K1 -> 46201 | L1: =Sheet1!L1 -> 46208 | M1: =Sheet1!M1 -> 46215 | N1: =Sheet1!N1 -> 46222 | O1: =Sheet1!O1 -> 46229 | P1: =Sheet1!P1 -> 46236 | Q1: =Sheet1!Q1 -> 46243 | ... GL1: =Sheet1!GL1 -> 47482
A2: =Sheet1!B2 -> 0 | B2: =Sheet1!D2 -> 0 | E2: =SUM(J2:GL2) -> 0 | G2: =IF(Sheet1!G2="","",Sheet1!G2) | H2: =IF(Sheet1!H2="","",Sheet1!H2) | I2: =IF(OR(G2="",H2=""),0,COUNTIFS($J$1:$GL$1,">="&G2,$J$1:$GL$1,"<="&H2+6,$J$140:$GL$140,">0")) -> 0 | J2: =IF($I2=0,0,IF(OR(J$140=0,J$1<$G2,J$1>$H2+6),0,_xlfn.LET(_xlpm.k,COUNTIFS($J$1:J$1,">="&$G2,$J$140:J$140,">0"),_xlpm.n,$I2,J$140*IF($C2="Bell",EXP(-0.5*((_xlpm.k-(_xlpm.n+1)/2)/MAX(_xlpm.n/6,0.5))^2),IF(_xlpm.n<=6,1,MIN(1,_xlpm.k/3,(_xlpm.n-_xlpm.k+1)/3)))))) -> 0 | K2: =IF($I2=0,0,IF(OR(K$140=0,K$1<$G2,K$1>$H2+6),0,_xlfn.LET(_xlpm.k,COUNTIFS($J$1:K$1,">="&$G2,$J$140:K$140,">0"),_xlpm.n,$I2,K$140*IF($C2="Bell",EXP(-0.5*((_xlpm.k-(_xlpm.n+1)/2)/MAX(_xlpm.n/6,0.5))^2),IF(_xlpm.n<=6,1,MIN(1,_xlpm.k/3,(_xlpm.n-_xlpm.k+1)/3)))))) -> 0 | L2: =IF($I2=0,0,IF(OR(L$140=0,L$1<$G2,L$1>$H2+6),0,_xlfn.LET(_xlpm.k,COUNTIFS($J$1:L$1,">="&$G2,$J$140:L$140,">0"),_xlpm.n,$I2,L$140*IF($C2="Bell",EXP(-0.5*((_xlpm.k-(_xlpm.n+1)/2)/MAX(_xlpm.n/6,0.5))^2),IF(_xlpm.n<=6,1,MIN(1,_xlpm.k/3,(_xlpm.n-_xlpm.k+1)/3)))))) -> 0 | M2: =IF($I2=0,0,IF(OR(M$140=0,M$1<$G2,M$1>$H2+6),0,_xlfn.LET(_xlpm.k,COUNTIFS($J$1:M$1,">="&$G2,$J$140:M$140,">0"),_xlpm.n,$I2,M$140*IF($C2="Bell",EXP(-0.5*((_xlpm.k-(_xlpm.n+1)/2)/MAX(_xlpm.n/6,0.5))^2),IF(_xlpm.n<=6,1,MIN(1,_xlpm.k/3,(_xlpm.n-_xlpm.k+1)/3)))))) -> 0 | N2: =IF($I2=0,0,IF(OR(N$140=0,N$1<$G2,N$1>$H2+6),0,_xlfn.LET(_xlpm.k,COUNTIFS($J$1:N$1,">="&$G2,$J$140:N$140,">0"),_xlpm.n,$I2,N$140*IF($C2="Bell",EXP(-0.5*((_xlpm.k-(_xlpm.n+1)/2)/MAX(_xlpm.n/6,0.5))^2),IF(_xlpm.n<=6,1,MIN(1,_xlpm.k/3,(_xlpm.n-_xlpm.k+1)/3)))))) -> 0 | O2: =IF($I2=0,0,IF(OR(O$140=0,O$1<$G2,O$1>$H2+6),0,_xlfn.LET(_xlpm.k,COUNTIFS($J$1:O$1,">="&$G2,$J$140:O$140,">0"),_xlpm.n,$I2,O$140*IF($C2="Bell",EXP(-0.5*((_xlpm.k-(_xlpm.n+1)/2)/MAX(_xlpm.n/6,0.5))^2),IF(_xlpm.n<=6,1,MIN(1,_xlpm.k/3,(_xlpm.n-_xlpm.k+1)/3)))))) -> 0 | P2: =IF($I2=0,0,IF(OR(P$140=0,P$1<$G2,P$1>$H2+6),0,_xlfn.LET(_xlpm.k,COUNTIFS($J$1:P$1,">="&$G2,$J$140:P$140,">0"),_xlpm.n,$I2,P$140*IF($C2="Bell",EXP(-0.5*((_xlpm.k-(_xlpm.n+1)/2)/MAX(_xlpm.n/6,0.5))^2),IF(_xlpm.n<=6,1,MIN(1,_xlpm.k/3,(_xlpm.n-_xlpm.k+1)/3)))))) -> 0 | Q2: =IF($I2=0,0,IF(OR(Q$140=0,Q$1<$G2,Q$1>$H2+6),0,_xlfn.LET(_xlpm.k,COUNTIFS($J$1:Q$1,">="&$G2,$J$140:Q$140,">0"),_xlpm.n,$I2,Q$140*IF($C2="Bell",EXP(-0.5*((_xlpm.k-(_xlpm.n+1)/2)/MAX(_xlpm.n/6,0.5))^2),IF(_xlpm.n<=6,1,MIN(1,_xlpm.k/3,(_xlpm.n-_xlpm.k+1)/3)))))) -> 0 | ... GL2: =IF($I2=0,0,IF(OR(GL$140=0,GL$1<$G2,GL$1>$H2+6),0,_xlfn.LET(_xlpm.k,COUNTIFS($J$1:GL$1,">="&$G2,$J$140:GL$140,">0"),_xlpm.n,$I2,GL$140*IF($C2="Bell",EXP(-0.5*((_xlpm.k-(_xlpm.n+1)/2)/MAX(_xlpm.n/6,0.5))^2),IF(_xlpm.n<=6,1,MIN(1,_xlpm.k/3,(_xlpm.n-_xlpm.k+1)/3)))))) -> 0
A3: =Sheet1!B3 -> 0 | B3: =Sheet1!D3 -> 0 | E3: =SUM(J3:GL3) -> 0 | G3: =IF(Sheet1!G3="","",Sheet1!G3) | H3: =IF(Sheet1!H3="","",Sheet1!H3) | I3: =IF(OR(G3="",H3=""),0,COUNTIFS($J$1:$GL$1,">="&G3,$J$1:$GL$1,"<="&H3+6,$J$140:$GL$140,">0")) -> 0 | J3: =IF($I3=0,0,IF(OR(J$140=0,J$1<$G3,J$1>$H3+6),0,_xlfn.LET(_xlpm.k,COUNTIFS($J$1:J$1,">="&$G3,$J$140:J$140,">0"),_xlpm.n,$I3,J$140*IF($C3="Bell",EXP(-0.5*((_xlpm.k-(_xlpm.n+1)/2)/MAX(_xlpm.n/6,0.5))^2),IF(_xlpm.n<=6,1,MIN(1,_xlpm.k/3,(_xlpm.n-_xlpm.k+1)/3)))))) -> 0 | K3: =IF($I3=0,0,IF(OR(K$140=0,K$1<$G3,K$1>$H3+6),0,_xlfn.LET(_xlpm.k,COUNTIFS($J$1:K$1,">="&$G3,$J$140:K$140,">0"),_xlpm.n,$I3,K$140*IF($C3="Bell",EXP(-0.5*((_xlpm.k-(_xlpm.n+1)/2)/MAX(_xlpm.n/6,0.5))^2),IF(_xlpm.n<=6,1,MIN(1,_xlpm.k/3,(_xlpm.n-_xlpm.k+1)/3)))))) -> 0 | L3: =IF($I3=0,0,IF(OR(L$140=0,L$1<$G3,L$1>$H3+6),0,_xlfn.LET(_xlpm.k,COUNTIFS($J$1:L$1,">="&$G3,$J$140:L$140,">0"),_xlpm.n,$I3,L$140*IF($C3="Bell",EXP(-0.5*((_xlpm.k-(_xlpm.n+1)/2)/MAX(_xlpm.n/6,0.5))^2),IF(_xlpm.n<=6,1,MIN(1,_xlpm.k/3,(_xlpm.n-_xlpm.k+1)/3)))))) -> 0 | M3: =IF($I3=0,0,IF(OR(M$140=0,M$1<$G3,M$1>$H3+6),0,_xlfn.LET(_xlpm.k,COUNTIFS($J$1:M$1,">="&$G3,$J$140:M$140,">0"),_xlpm.n,$I3,M$140*IF($C3="Bell",EXP(-0.5*((_xlpm.k-(_xlpm.n+1)/2)/MAX(_xlpm.n/6,0.5))^2),IF(_xlpm.n<=6,1,MIN(1,_xlpm.k/3,(_xlpm.n-_xlpm.k+1)/3)))))) -> 0 | N3: =IF($I3=0,0,IF(OR(N$140=0,N$1<$G3,N$1>$H3+6),0,_xlfn.LET(_xlpm.k,COUNTIFS($J$1:N$1,">="&$G3,$J$140:N$140,">0"),_xlpm.n,$I3,N$140*IF($C3="Bell",EXP(-0.5*((_xlpm.k-(_xlpm.n+1)/2)/MAX(_xlpm.n/6,0.5))^2),IF(_xlpm.n<=6,1,MIN(1,_xlpm.k/3,(_xlpm.n-_xlpm.k+1)/3)))))) -> 0 | O3: =IF($I3=0,0,IF(OR(O$140=0,O$1<$G3,O$1>$H3+6),0,_xlfn.LET(_xlpm.k,COUNTIFS($J$1:O$1,">="&$G3,$J$140:O$140,">0"),_xlpm.n,$I3,O$140*IF($C3="Bell",EXP(-0.5*((_xlpm.k-(_xlpm.n+1)/2)/MAX(_xlpm.n/6,0.5))^2),IF(_xlpm.n<=6,1,MIN(1,_xlpm.k/3,(_xlpm.n-_xlpm.k+1)/3)))))) -> 0 | P3: =IF($I3=0,0,IF(OR(P$140=0,P$1<$G3,P$1>$H3+6),0,_xlfn.LET(_xlpm.k,COUNTIFS($J$1:P$1,">="&$G3,$J$140:P$140,">0"),_xlpm.n,$I3,P$140*IF($C3="Bell",EXP(-0.5*((_xlpm.k-(_xlpm.n+1)/2)/MAX(_xlpm.n/6,0.5))^2),IF(_xlpm.n<=6,1,MIN(1,_xlpm.k/3,(_xlpm.n-_xlpm.k+1)/3)))))) -> 0 | Q3: =IF($I3=0,0,IF(OR(Q$140=0,Q$1<$G3,Q$1>$H3+6),0,_xlfn.LET(_xlpm.k,COUNTIFS($J$1:Q$1,">="&$G3,$J$140:Q$140,">0"),_xlpm.n,$I3,Q$140*IF($C3="Bell",EXP(-0.5*((_xlpm.k-(_xlpm.n+1)/2)/MAX(_xlpm.n/6,0.5))^2),IF(_xlpm.n<=6,1,MIN(1,_xlpm.k/3,(_xlpm.n-_xlpm.k+1)/3)))))) -> 0 | ... GL3: =IF($I3=0,0,IF(OR(GL$140=0,GL$1<$G3,GL$1>$H3+6),0,_xlfn.LET(_xlpm.k,COUNTIFS($J$1:GL$1,">="&$G3,$J$140:GL$140,">0"),_xlpm.n,$I3,GL$140*IF($C3="Bell",EXP(-0.5*((_xlpm.k-(_xlpm.n+1)/2)/MAX(_xlpm.n/6,0.5))^2),IF(_xlpm.n<=6,1,MIN(1,_xlpm.k/3,(_xlpm.n-_xlpm.k+1)/3)))))) -> 0
A4: =Sheet1!B4 -> 0-4000-01 | B4: =Sheet1!D4 -> 0-4000-01-Mobilization | E4: =SUM(J4:GL4) -> 4 | G4: =IF(Sheet1!G4="","",Sheet1!G4) -> 46300 | H4: =IF(Sheet1!H4="","",Sheet1!H4) -> 46325 | I4: =IF(OR(G4="",H4=""),0,COUNTIFS($J$1:$GL$1,">="&G4,$J$1:$GL$1,"<="&H4+6,$J$140:$GL$140,">0")) -> 4 | J4: =IF($I4=0,0,IF(OR(J$140=0,J$1<$G4,J$1>$H4+6),0,_xlfn.LET(_xlpm.k,COUNTIFS($J$1:J$1,">="&$G4,$J$140:J$140,">0"),_xlpm.n,$I4,J$140*IF($C4="Bell",EXP(-0.5*((_xlpm.k-(_xlpm.n+1)/2)/MAX(_xlpm.n/6,0.5))^2),IF(_xlpm.n<=6,1,MIN(1,_xlpm.k/3,(_xlpm.n-_xlpm.k+1)/3)))))) -> 0 | K4: =IF($I4=0,0,IF(OR(K$140=0,K$1<$G4,K$1>$H4+6),0,_xlfn.LET(_xlpm.k,COUNTIFS($J$1:K$1,">="&$G4,$J$140:K$140,">0"),_xlpm.n,$I4,K$140*IF($C4="Bell",EXP(-0.5*((_xlpm.k-(_xlpm.n+1)/2)/MAX(_xlpm.n/6,0.5))^2),IF(_xlpm.n<=6,1,MIN(1,_xlpm.k/3,(_xlpm.n-_xlpm.k+1)/3)))))) -> 0 | L4: =IF($I4=0,0,IF(OR(L$140=0,L$1<$G4,L$1>$H4+6),0,_xlfn.LET(_xlpm.k,COUNTIFS($J$1:L$1,">="&$G4,$J$140:L$140,">0"),_xlpm.n,$I4,L$140*IF($C4="Bell",EXP(-0.5*((_xlpm.k-(_xlpm.n+1)/2)/MAX(_xlpm.n/6,0.5))^2),IF(_xlpm.n<=6,1,MIN(1,_xlpm.k/3,(_xlpm.n-_xlpm.k+1)/3)))))) -> 0 | M4: =IF($I4=0,0,IF(OR(M$140=0,M$1<$G4,M$1>$H4+6),0,_xlfn.LET(_xlpm.k,COUNTIFS($J$1:M$1,">="&$G4,$J$140:M$140,">0"),_xlpm.n,$I4,M$140*IF($C4="Bell",EXP(-0.5*((_xlpm.k-(_xlpm.n+1)/2)/MAX(_xlpm.n/6,0.5))^2),IF(_xlpm.n<=6,1,MIN(1,_xlpm.k/3,(_xlpm.n-_xlpm.k+1)/3)))))) -> 0 | N4: =IF($I4=0,0,IF(OR(N$140=0,N$1<$G4,N$1>$H4+6),0,_xlfn.LET(_xlpm.k,COUNTIFS($J$1:N$1,">="&$G4,$J$140:N$140,">0"),_xlpm.n,$I4,N$140*IF($C4="Bell",EXP(-0.5*((_xlpm.k-(_xlpm.n+1)/2)/MAX(_xlpm.n/6,0.5))^2),IF(_xlpm.n<=6,1,MIN(1,_xlpm.k/3,(_xlpm.n-_xlpm.k+1)/3)))))) -> 0 | O4: =IF($I4=0,0,IF(OR(O$140=0,O$1<$G4,O$1>$H4+6),0,_xlfn.LET(_xlpm.k,COUNTIFS($J$1:O$1,">="&$G4,$J$140:O$140,">0"),_xlpm.n,$I4,O$140*IF($C4="Bell",EXP(-0.5*((_xlpm.k-(_xlpm.n+1)/2)/MAX(_xlpm.n/6,0.5))^2),IF(_xlpm.n<=6,1,MIN(1,_xlpm.k/3,(_xlpm.n-_xlpm.k+1)/3)))))) -> 0 | P4: =IF($I4=0,0,IF(OR(P$140=0,P$1<$G4,P$1>$H4+6),0,_xlfn.LET(_xlpm.k,COUNTIFS($J$1:P$1,">="&$G4,$J$140:P$140,">0"),_xlpm.n,$I4,P$140*IF($C4="Bell",EXP(-0.5*((_xlpm.k-(_xlpm.n+1)/2)/MAX(_xlpm.n/6,0.5))^2),IF(_xlpm.n<=6,1,MIN(1,_xlpm.k/3,(_xlpm.n-_xlpm.k+1)/3)))))) -> 0 | Q4: =IF($I4=0,0,IF(OR(Q$140=0,Q$1<$G4,Q$1>$H4+6),0,_xlfn.LET(_xlpm.k,COUNTIFS($J$1:Q$1,">="&$G4,$J$140:Q$140,">0"),_xlpm.n,$I4,Q$140*IF($C4="Bell",EXP(-0.5*((_xlpm.k-(_xlpm.n+1)/2)/MAX(_xlpm.n/6,0.5))^2),IF(_xlpm.n<=6,1,MIN(1,_xlpm.k/3,(_xlpm.n-_xlpm.k+1)/3)))))) -> 0 | ... GL4: =IF($I4=0,0,IF(OR(GL$140=0,GL$1<$G4,GL$1>$H4+6),0,_xlfn.LET(_xlpm.k,COUNTIFS($J$1:GL$1,">="&$G4,$J$140:GL$140,">0"),_xlpm.n,$I4,GL$140*IF($C4="Bell",EXP(-0.5*((_xlpm.k-(_xlpm.n+1)/2)/MAX(_xlpm.n/6,0.5))^2),IF(_xlpm.n<=6,1,MIN(1,_xlpm.k/3,(_xlpm.n-_xlpm.k+1)/3)))))) -> 0
A5: =Sheet1!B5 -> 0-4001-01 | B5: =Sheet1!D5 -> 0-4001-01-DeMobilization | E5: =SUM(J5:GL5) -> 0.8 | G5: =IF(Sheet1!G5="","",Sheet1!G5) -> 46637 | H5: =IF(Sheet1!H5="","",Sheet1!H5) -> 46637 | I5: =IF(OR(G5="",H5=""),0,COUNTIFS($J$1:$GL$1,">="&G5,$J$1:$GL$1,"<="&H5+6,$J$140:$GL$140,">0")) -> 1 | J5: =IF($I5=0,0,IF(OR(J$140=0,J$1<$G5,J$1>$H5+6),0,_xlfn.LET(_xlpm.k,COUNTIFS($J$1:J$1,">="&$G5,$J$140:J$140,">0"),_xlpm.n,$I5,J$140*IF($C5="Bell",EXP(-0.5*((_xlpm.k-(_xlpm.n+1)/2)/MAX(_xlpm.n/6,0.5))^2),IF(_xlpm.n<=6,1,MIN(1,_xlpm.k/3,(_xlpm.n-_xlpm.k+1)/3)))))) -> 0 | K5: =IF($I5=0,0,IF(OR(K$140=0,K$1<$G5,K$1>$H5+6),0,_xlfn.LET(_xlpm.k,COUNTIFS($J$1:K$1,">="&$G5,$J$140:K$140,">0"),_xlpm.n,$I5,K$140*IF($C5="Bell",EXP(-0.5*((_xlpm.k-(_xlpm.n+1)/2)/MAX(_xlpm.n/6,0.5))^2),IF(_xlpm.n<=6,1,MIN(1,_xlpm.k/3,(_xlpm.n-_xlpm.k+1)/3)))))) -> 0 | L5: =IF($I5=0,0,IF(OR(L$140=0,L$1<$G5,L$1>$H5+6),0,_xlfn.LET(_xlpm.k,COUNTIFS($J$1:L$1,">="&$G5,$J$140:L$140,">0"),_xlpm.n,$I5,L$140*IF($C5="Bell",EXP(-0.5*((_xlpm.k-(_xlpm.n+1)/2)/MAX(_xlpm.n/6,0.5))^2),IF(_xlpm.n<=6,1,MIN(1,_xlpm.k/3,(_xlpm.n-_xlpm.k+1)/3)))))) -> 0 | M5: =IF($I5=0,0,IF(OR(M$140=0,M$1<$G5,M$1>$H5+6),0,_xlfn.LET(_xlpm.k,COUNTIFS($J$1:M$1,">="&$G5,$J$140:M$140,">0"),_xlpm.n,$I5,M$140*IF($C5="Bell",EXP(-0.5*((_xlpm.k-(_xlpm.n+1)/2)/MAX(_xlpm.n/6,0.5))^2),IF(_xlpm.n<=6,1,MIN(1,_xlpm.k/3,(_xlpm.n-_xlpm.k+1)/3)))))) -> 0 | N5: =IF($I5=0,0,IF(OR(N$140=0,N$1<$G5,N$1>$H5+6),0,_xlfn.LET(_xlpm.k,COUNTIFS($J$1:N$1,">="&$G5,$J$140:N$140,">0"),_xlpm.n,$I5,N$140*IF($C5="Bell",EXP(-0.5*((_xlpm.k-(_xlpm.n+1)/2)/MAX(_xlpm.n/6,0.5))^2),IF(_xlpm.n<=6,1,MIN(1,_xlpm.k/3,(_xlpm.n-_xlpm.k+1)/3)))))) -> 0 | O5: =IF($I5=0,0,IF(OR(O$140=0,O$1<$G5,O$1>$H5+6),0,_xlfn.LET(_xlpm.k,COUNTIFS($J$1:O$1,">="&$G5,$J$140:O$140,">0"),_xlpm.n,$I5,O$140*IF($C5="Bell",EXP(-0.5*((_xlpm.k-(_xlpm.n+1)/2)/MAX(_xlpm.n/6,0.5))^2),IF(_xlpm.n<=6,1,MIN(1,_xlpm.k/3,(_xlpm.n-_xlpm.k+1)/3)))))) -> 0 | P5: =IF($I5=0,0,IF(OR(P$140=0,P$1<$G5,P$1>$H5+6),0,_xlfn.LET(_xlpm.k,COUNTIFS($J$1:P$1,">="&$G5,$J$140:P$140,">0"),_xlpm.n,$I5,P$140*IF($C5="Bell",EXP(-0.5*((_xlpm.k-(_xlpm.n+1)/2)/MAX(_xlpm.n/6,0.5))^2),IF(_xlpm.n<=6,1,MIN(1,_xlpm.k/3,(_xlpm.n-_xlpm.k+1)/3)))))) -> 0 | Q5: =IF($I5=0,0,IF(OR(Q$140=0,Q$1<$G5,Q$1>$H5+6),0,_xlfn.LET(_xlpm.k,COUNTIFS($J$1:Q$1,">="&$G5,$J$140:Q$140,">0"),_xlpm.n,$I5,Q$140*IF($C5="Bell",EXP(-0.5*((_xlpm.k-(_xlpm.n+1)/2)/MAX(_xlpm.n/6,0.5))^2),IF(_xlpm.n<=6,1,MIN(1,_xlpm.k/3,(_xlpm.n-_xlpm.k+1)/3)))))) -> 0 | ... GL5: =IF($I5=0,0,IF(OR(GL$140=0,GL$1<$G5,GL$1>$H5+6),0,_xlfn.LET(_xlpm.k,COUNTIFS($J$1:GL$1,">="&$G5,$J$140:GL$140,">0"),_xlpm.n,$I5,GL$140*IF($C5="Bell",EXP(-0.5*((_xlpm.k-(_xlpm.n+1)/2)/MAX(_xlpm.n/6,0.5))^2),IF(_xlpm.n<=6,1,MIN(1,_xlpm.k/3,(_xlpm.n-_xlpm.k+1)/3)))))) -> 0
A6: =Sheet1!B6 -> 0-4004-01 | B6: =Sheet1!D6 -> 0 | E6: =SUM(J6:GL6) -> 0 | G6: =IF(Sheet1!G6="","",Sheet1!G6) | H6: =IF(Sheet1!H6="","",Sheet1!H6) | I6: =IF(OR(G6="",H6=""),0,COUNTIFS($J$1:$GL$1,">="&G6,$J$1:$GL$1,"<="&H6+6,$J$140:$GL$140,">0")) -> 0 | J6: =IF($I6=0,0,IF(OR(J$140=0,J$1<$G6,J$1>$H6+6),0,_xlfn.LET(_xlpm.k,COUNTIFS($J$1:J$1,">="&$G6,$J$140:J$140,">0"),_xlpm.n,$I6,J$140*IF($C6="Bell",EXP(-0.5*((_xlpm.k-(_xlpm.n+1)/2)/MAX(_xlpm.n/6,0.5))^2),IF(_xlpm.n<=6,1,MIN(1,_xlpm.k/3,(_xlpm.n-_xlpm.k+1)/3)))))) -> 0 | K6: =IF($I6=0,0,IF(OR(K$140=0,K$1<$G6,K$1>$H6+6),0,_xlfn.LET(_xlpm.k,COUNTIFS($J$1:K$1,">="&$G6,$J$140:K$140,">0"),_xlpm.n,$I6,K$140*IF($C6="Bell",EXP(-0.5*((_xlpm.k-(_xlpm.n+1)/2)/MAX(_xlpm.n/6,0.5))^2),IF(_xlpm.n<=6,1,MIN(1,_xlpm.k/3,(_xlpm.n-_xlpm.k+1)/3)))))) -> 0 | L6: =IF($I6=0,0,IF(OR(L$140=0,L$1<$G6,L$1>$H6+6),0,_xlfn.LET(_xlpm.k,COUNTIFS($J$1:L$1,">="&$G6,$J$140:L$140,">0"),_xlpm.n,$I6,L$140*IF($C6="Bell",EXP(-0.5*((_xlpm.k-(_xlpm.n+1)/2)/MAX(_xlpm.n/6,0.5))^2),IF(_xlpm.n<=6,1,MIN(1,_xlpm.k/3,(_xlpm.n-_xlpm.k+1)/3)))))) -> 0 | M6: =IF($I6=0,0,IF(OR(M$140=0,M$1<$G6,M$1>$H6+6),0,_xlfn.LET(_xlpm.k,COUNTIFS($J$1:M$1,">="&$G6,$J$140:M$140,">0"),_xlpm.n,$I6,M$140*IF($C6="Bell",EXP(-0.5*((_xlpm.k-(_xlpm.n+1)/2)/MAX(_xlpm.n/6,0.5))^2),IF(_xlpm.n<=6,1,MIN(1,_xlpm.k/3,(_xlpm.n-_xlpm.k+1)/3)))))) -> 0 | N6: =IF($I6=0,0,IF(OR(N$140=0,N$1<$G6,N$1>$H6+6),0,_xlfn.LET(_xlpm.k,COUNTIFS($J$1:N$1,">="&$G6,$J$140:N$140,">0"),_xlpm.n,$I6,N$140*IF($C6="Bell",EXP(-0.5*((_xlpm.k-(_xlpm.n+1)/2)/MAX(_xlpm.n/6,0.5))^2),IF(_xlpm.n<=6,1,MIN(1,_xlpm.k/3,(_xlpm.n-_xlpm.k+1)/3)))))) -> 0 | O6: =IF($I6=0,0,IF(OR(O$140=0,O$1<$G6,O$1>$H6+6),0,_xlfn.LET(_xlpm.k,COUNTIFS($J$1:O$1,">="&$G6,$J$140:O$140,">0"),_xlpm.n,$I6,O$140*IF($C6="Bell",EXP(-0.5*((_xlpm.k-(_xlpm.n+1)/2)/MAX(_xlpm.n/6,0.5))^2),IF(_xlpm.n<=6,1,MIN(1,_xlpm.k/3,(_xlpm.n-_xlpm.k+1)/3)))))) -> 0 | P6: =IF($I6=0,0,IF(OR(P$140=0,P$1<$G6,P$1>$H6+6),0,_xlfn.LET(_xlpm.k,COUNTIFS($J$1:P$1,">="&$G6,$J$140:P$140,">0"),_xlpm.n,$I6,P$140*IF($C6="Bell",EXP(-0.5*((_xlpm.k-(_xlpm.n+1)/2)/MAX(_xlpm.n/6,0.5))^2),IF(_xlpm.n<=6,1,MIN(1,_xlpm.k/3,(_xlpm.n-_xlpm.k+1)/3)))))) -> 0 | Q6: =IF($I6=0,0,IF(OR(Q$140=0,Q$1<$G6,Q$1>$H6+6),0,_xlfn.LET(_xlpm.k,COUNTIFS($J$1:Q$1,">="&$G6,$J$140:Q$140,">0"),_xlpm.n,$I6,Q$140*IF($C6="Bell",EXP(-0.5*((_xlpm.k-(_xlpm.n+1)/2)/MAX(_xlpm.n/6,0.5))^2),IF(_xlpm.n<=6,1,MIN(1,_xlpm.k/3,(_xlpm.n-_xlpm.k+1)/3)))))) -> 0 | ... GL6: =IF($I6=0,0,IF(OR(GL$140=0,GL$1<$G6,GL$1>$H6+6),0,_xlfn.LET(_xlpm.k,COUNTIFS($J$1:GL$1,">="&$G6,$J$140:GL$140,">0"),_xlpm.n,$I6,GL$140*IF($C6="Bell",EXP(-0.5*((_xlpm.k-(_xlpm.n+1)/2)/MAX(_xlpm.n/6,0.5))^2),IF(_xlpm.n<=6,1,MIN(1,_xlpm.k/3,(_xlpm.n-_xlpm.k+1)/3)))))) -> 0
A7: =Sheet1!B7 -> 0-4004-05 | B7: =Sheet1!D7 -> 0 | E7: =SUM(J7:GL7) -> 0 | G7: =IF(Sheet1!G7="","",Sheet1!G7) | H7: =IF(Sheet1!H7="","",Sheet1!H7) | I7: =IF(OR(G7="",H7=""),0,COUNTIFS($J$1:$GL$1,">="&G7,$J$1:$GL$1,"<="&H7+6,$J$140:$GL$140,">0")) -> 0 | J7: =IF($I7=0,0,IF(OR(J$140=0,J$1<$G7,J$1>$H7+6),0,_xlfn.LET(_xlpm.k,COUNTIFS($J$1:J$1,">="&$G7,$J$140:J$140,">0"),_xlpm.n,$I7,J$140*IF($C7="Bell",EXP(-0.5*((_xlpm.k-(_xlpm.n+1)/2)/MAX(_xlpm.n/6,0.5))^2),IF(_xlpm.n<=6,1,MIN(1,_xlpm.k/3,(_xlpm.n-_xlpm.k+1)/3)))))) -> 0 | K7: =IF($I7=0,0,IF(OR(K$140=0,K$1<$G7,K$1>$H7+6),0,_xlfn.LET(_xlpm.k,COUNTIFS($J$1:K$1,">="&$G7,$J$140:K$140,">0"),_xlpm.n,$I7,K$140*IF($C7="Bell",EXP(-0.5*((_xlpm.k-(_xlpm.n+1)/2)/MAX(_xlpm.n/6,0.5))^2),IF(_xlpm.n<=6,1,MIN(1,_xlpm.k/3,(_xlpm.n-_xlpm.k+1)/3)))))) -> 0 | L7: =IF($I7=0,0,IF(OR(L$140=0,L$1<$G7,L$1>$H7+6),0,_xlfn.LET(_xlpm.k,COUNTIFS($J$1:L$1,">="&$G7,$J$140:L$140,">0"),_xlpm.n,$I7,L$140*IF($C7="Bell",EXP(-0.5*((_xlpm.k-(_xlpm.n+1)/2)/MAX(_xlpm.n/6,0.5))^2),IF(_xlpm.n<=6,1,MIN(1,_xlpm.k/3,(_xlpm.n-_xlpm.k+1)/3)))))) -> 0 | M7: =IF($I7=0,0,IF(OR(M$140=0,M$1<$G7,M$1>$H7+6),0,_xlfn.LET(_xlpm.k,COUNTIFS($J$1:M$1,">="&$G7,$J$140:M$140,">0"),_xlpm.n,$I7,M$140*IF($C7="Bell",EXP(-0.5*((_xlpm.k-(_xlpm.n+1)/2)/MAX(_xlpm.n/6,0.5))^2),IF(_xlpm.n<=6,1,MIN(1,_xlpm.k/3,(_xlpm.n-_xlpm.k+1)/3)))))) -> 0 | N7: =IF($I7=0,0,IF(OR(N$140=0,N$1<$G7,N$1>$H7+6),0,_xlfn.LET(_xlpm.k,COUNTIFS($J$1:N$1,">="&$G7,$J$140:N$140,">0"),_xlpm.n,$I7,N$140*IF($C7="Bell",EXP(-0.5*((_xlpm.k-(_xlpm.n+1)/2)/MAX(_xlpm.n/6,0.5))^2),IF(_xlpm.n<=6,1,MIN(1,_xlpm.k/3,(_xlpm.n-_xlpm.k+1)/3)))))) -> 0 | O7: =IF($I7=0,0,IF(OR(O$140=0,O$1<$G7,O$1>$H7+6),0,_xlfn.LET(_xlpm.k,COUNTIFS($J$1:O$1,">="&$G7,$J$140:O$140,">0"),_xlpm.n,$I7,O$140*IF($C7="Bell",EXP(-0.5*((_xlpm.k-(_xlpm.n+1)/2)/MAX(_xlpm.n/6,0.5))^2),IF(_xlpm.n<=6,1,MIN(1,_xlpm.k/3,(_xlpm.n-_xlpm.k+1)/3)))))) -> 0 | P7: =IF($I7=0,0,IF(OR(P$140=0,P$1<$G7,P$1>$H7+6),0,_xlfn.LET(_xlpm.k,COUNTIFS($J$1:P$1,">="&$G7,$J$140:P$140,">0"),_xlpm.n,$I7,P$140*IF($C7="Bell",EXP(-0.5*((_xlpm.k-(_xlpm.n+1)/2)/MAX(_xlpm.n/6,0.5))^2),IF(_xlpm.n<=6,1,MIN(1,_xlpm.k/3,(_xlpm.n-_xlpm.k+1)/3)))))) -> 0 | Q7: =IF($I7=0,0,IF(OR(Q$140=0,Q$1<$G7,Q$1>$H7+6),0,_xlfn.LET(_xlpm.k,COUNTIFS($J$1:Q$1,">="&$G7,$J$140:Q$140,">0"),_xlpm.n,$I7,Q$140*IF($C7="Bell",EXP(-0.5*((_xlpm.k-(_xlpm.n+1)/2)/MAX(_xlpm.n/6,0.5))^2),IF(_xlpm.n<=6,1,MIN(1,_xlpm.k/3,(_xlpm.n-_xlpm.k+1)/3)))))) -> 0 | ... GL7: =IF($I7=0,0,IF(OR(GL$140=0,GL$1<$G7,GL$1>$H7+6),0,_xlfn.LET(_xlpm.k,COUNTIFS($J$1:GL$1,">="&$G7,$J$140:GL$140,">0"),_xlpm.n,$I7,GL$140*IF($C7="Bell",EXP(-0.5*((_xlpm.k-(_xlpm.n+1)/2)/MAX(_xlpm.n/6,0.5))^2),IF(_xlpm.n<=6,1,MIN(1,_xlpm.k/3,(_xlpm.n-_xlpm.k+1)/3)))))) -> 0
A8: =Sheet1!B8 -> 0-4004-06 | B8: =Sheet1!D8 -> 0 | E8: =SUM(J8:GL8) -> 0 | G8: =IF(Sheet1!G8="","",Sheet1!G8) | H8: =IF(Sheet1!H8="","",Sheet1!H8) | I8: =IF(OR(G8="",H8=""),0,COUNTIFS($J$1:$GL$1,">="&G8,$J$1:$GL$1,"<="&H8+6,$J$140:$GL$140,">0")) -> 0 | J8: =IF($I8=0,0,IF(OR(J$140=0,J$1<$G8,J$1>$H8+6),0,_xlfn.LET(_xlpm.k,COUNTIFS($J$1:J$1,">="&$G8,$J$140:J$140,">0"),_xlpm.n,$I8,J$140*IF($C8="Bell",EXP(-0.5*((_xlpm.k-(_xlpm.n+1)/2)/MAX(_xlpm.n/6,0.5))^2),IF(_xlpm.n<=6,1,MIN(1,_xlpm.k/3,(_xlpm.n-_xlpm.k+1)/3)))))) -> 0 | K8: =IF($I8=0,0,IF(OR(K$140=0,K$1<$G8,K$1>$H8+6),0,_xlfn.LET(_xlpm.k,COUNTIFS($J$1:K$1,">="&$G8,$J$140:K$140,">0"),_xlpm.n,$I8,K$140*IF($C8="Bell",EXP(-0.5*((_xlpm.k-(_xlpm.n+1)/2)/MAX(_xlpm.n/6,0.5))^2),IF(_xlpm.n<=6,1,MIN(1,_xlpm.k/3,(_xlpm.n-_xlpm.k+1)/3)))))) -> 0 | L8: =IF($I8=0,0,IF(OR(L$140=0,L$1<$G8,L$1>$H8+6),0,_xlfn.LET(_xlpm.k,COUNTIFS($J$1:L$1,">="&$G8,$J$140:L$140,">0"),_xlpm.n,$I8,L$140*IF($C8="Bell",EXP(-0.5*((_xlpm.k-(_xlpm.n+1)/2)/MAX(_xlpm.n/6,0.5))^2),IF(_xlpm.n<=6,1,MIN(1,_xlpm.k/3,(_xlpm.n-_xlpm.k+1)/3)))))) -> 0 | M8: =IF($I8=0,0,IF(OR(M$140=0,M$1<$G8,M$1>$H8+6),0,_xlfn.LET(_xlpm.k,COUNTIFS($J$1:M$1,">="&$G8,$J$140:M$140,">0"),_xlpm.n,$I8,M$140*IF($C8="Bell",EXP(-0.5*((_xlpm.k-(_xlpm.n+1)/2)/MAX(_xlpm.n/6,0.5))^2),IF(_xlpm.n<=6,1,MIN(1,_xlpm.k/3,(_xlpm.n-_xlpm.k+1)/3)))))) -> 0 | N8: =IF($I8=0,0,IF(OR(N$140=0,N$1<$G8,N$1>$H8+6),0,_xlfn.LET(_xlpm.k,COUNTIFS($J$1:N$1,">="&$G8,$J$140:N$140,">0"),_xlpm.n,$I8,N$140*IF($C8="Bell",EXP(-0.5*((_xlpm.k-(_xlpm.n+1)/2)/MAX(_xlpm.n/6,0.5))^2),IF(_xlpm.n<=6,1,MIN(1,_xlpm.k/3,(_xlpm.n-_xlpm.k+1)/3)))))) -> 0 | O8: =IF($I8=0,0,IF(OR(O$140=0,O$1<$G8,O$1>$H8+6),0,_xlfn.LET(_xlpm.k,COUNTIFS($J$1:O$1,">="&$G8,$J$140:O$140,">0"),_xlpm.n,$I8,O$140*IF($C8="Bell",EXP(-0.5*((_xlpm.k-(_xlpm.n+1)/2)/MAX(_xlpm.n/6,0.5))^2),IF(_xlpm.n<=6,1,MIN(1,_xlpm.k/3,(_xlpm.n-_xlpm.k+1)/3)))))) -> 0 | P8: =IF($I8=0,0,IF(OR(P$140=0,P$1<$G8,P$1>$H8+6),0,_xlfn.LET(_xlpm.k,COUNTIFS($J$1:P$1,">="&$G8,$J$140:P$140,">0"),_xlpm.n,$I8,P$140*IF($C8="Bell",EXP(-0.5*((_xlpm.k-(_xlpm.n+1)/2)/MAX(_xlpm.n/6,0.5))^2),IF(_xlpm.n<=6,1,MIN(1,_xlpm.k/3,(_xlpm.n-_xlpm.k+1)/3)))))) -> 0 | Q8: =IF($I8=0,0,IF(OR(Q$140=0,Q$1<$G8,Q$1>$H8+6),0,_xlfn.LET(_xlpm.k,COUNTIFS($J$1:Q$1,">="&$G8,$J$140:Q$140,">0"),_xlpm.n,$I8,Q$140*IF($C8="Bell",EXP(-0.5*((_xlpm.k-(_xlpm.n+1)/2)/MAX(_xlpm.n/6,0.5))^2),IF(_xlpm.n<=6,1,MIN(1,_xlpm.k/3,(_xlpm.n-_xlpm.k+1)/3)))))) -> 0 | ... GL8: =IF($I8=0,0,IF(OR(GL$140=0,GL$1<$G8,GL$1>$H8+6),0,_xlfn.LET(_xlpm.k,COUNTIFS($J$1:GL$1,">="&$G8,$J$140:GL$140,">0"),_xlpm.n,$I8,GL$140*IF($C8="Bell",EXP(-0.5*((_xlpm.k-(_xlpm.n+1)/2)/MAX(_xlpm.n/6,0.5))^2),IF(_xlpm.n<=6,1,MIN(1,_xlpm.k/3,(_xlpm.n-_xlpm.k+1)/3)))))) -> 0
A9: =Sheet1!B9 -> 0-4004-07 | B9: =Sheet1!D9 -> 0 | E9: =SUM(J9:GL9) -> 0 | G9: =IF(Sheet1!G9="","",Sheet1!G9) | H9: =IF(Sheet1!H9="","",Sheet1!H9) | I9: =IF(OR(G9="",H9=""),0,COUNTIFS($J$1:$GL$1,">="&G9,$J$1:$GL$1,"<="&H9+6,$J$140:$GL$140,">0")) -> 0 | J9: =IF($I9=0,0,IF(OR(J$140=0,J$1<$G9,J$1>$H9+6),0,_xlfn.LET(_xlpm.k,COUNTIFS($J$1:J$1,">="&$G9,$J$140:J$140,">0"),_xlpm.n,$I9,J$140*IF($C9="Bell",EXP(-0.5*((_xlpm.k-(_xlpm.n+1)/2)/MAX(_xlpm.n/6,0.5))^2),IF(_xlpm.n<=6,1,MIN(1,_xlpm.k/3,(_xlpm.n-_xlpm.k+1)/3)))))) -> 0 | K9: =IF($I9=0,0,IF(OR(K$140=0,K$1<$G9,K$1>$H9+6),0,_xlfn.LET(_xlpm.k,COUNTIFS($J$1:K$1,">="&$G9,$J$140:K$140,">0"),_xlpm.n,$I9,K$140*IF($C9="Bell",EXP(-0.5*((_xlpm.k-(_xlpm.n+1)/2)/MAX(_xlpm.n/6,0.5))^2),IF(_xlpm.n<=6,1,MIN(1,_xlpm.k/3,(_xlpm.n-_xlpm.k+1)/3)))))) -> 0 | L9: =IF($I9=0,0,IF(OR(L$140=0,L$1<$G9,L$1>$H9+6),0,_xlfn.LET(_xlpm.k,COUNTIFS($J$1:L$1,">="&$G9,$J$140:L$140,">0"),_xlpm.n,$I9,L$140*IF($C9="Bell",EXP(-0.5*((_xlpm.k-(_xlpm.n+1)/2)/MAX(_xlpm.n/6,0.5))^2),IF(_xlpm.n<=6,1,MIN(1,_xlpm.k/3,(_xlpm.n-_xlpm.k+1)/3)))))) -> 0 | M9: =IF($I9=0,0,IF(OR(M$140=0,M$1<$G9,M$1>$H9+6),0,_xlfn.LET(_xlpm.k,COUNTIFS($J$1:M$1,">="&$G9,$J$140:M$140,">0"),_xlpm.n,$I9,M$140*IF($C9="Bell",EXP(-0.5*((_xlpm.k-(_xlpm.n+1)/2)/MAX(_xlpm.n/6,0.5))^2),IF(_xlpm.n<=6,1,MIN(1,_xlpm.k/3,(_xlpm.n-_xlpm.k+1)/3)))))) -> 0 | N9: =IF($I9=0,0,IF(OR(N$140=0,N$1<$G9,N$1>$H9+6),0,_xlfn.LET(_xlpm.k,COUNTIFS($J$1:N$1,">="&$G9,$J$140:N$140,">0"),_xlpm.n,$I9,N$140*IF($C9="Bell",EXP(-0.5*((_xlpm.k-(_xlpm.n+1)/2)/MAX(_xlpm.n/6,0.5))^2),IF(_xlpm.n<=6,1,MIN(1,_xlpm.k/3,(_xlpm.n-_xlpm.k+1)/3)))))) -> 0 | O9: =IF($I9=0,0,IF(OR(O$140=0,O$1<$G9,O$1>$H9+6),0,_xlfn.LET(_xlpm.k,COUNTIFS($J$1:O$1,">="&$G9,$J$140:O$140,">0"),_xlpm.n,$I9,O$140*IF($C9="Bell",EXP(-0.5*((_xlpm.k-(_xlpm.n+1)/2)/MAX(_xlpm.n/6,0.5))^2),IF(_xlpm.n<=6,1,MIN(1,_xlpm.k/3,(_xlpm.n-_xlpm.k+1)/3)))))) -> 0 | P9: =IF($I9=0,0,IF(OR(P$140=0,P$1<$G9,P$1>$H9+6),0,_xlfn.LET(_xlpm.k,COUNTIFS($J$1:P$1,">="&$G9,$J$140:P$140,">0"),_xlpm.n,$I9,P$140*IF($C9="Bell",EXP(-0.5*((_xlpm.k-(_xlpm.n+1)/2)/MAX(_xlpm.n/6,0.5))^2),IF(_xlpm.n<=6,1,MIN(1,_xlpm.k/3,(_xlpm.n-_xlpm.k+1)/3)))))) -> 0 | Q9: =IF($I9=0,0,IF(OR(Q$140=0,Q$1<$G9,Q$1>$H9+6),0,_xlfn.LET(_xlpm.k,COUNTIFS($J$1:Q$1,">="&$G9,$J$140:Q$140,">0"),_xlpm.n,$I9,Q$140*IF($C9="Bell",EXP(-0.5*((_xlpm.k-(_xlpm.n+1)/2)/MAX(_xlpm.n/6,0.5))^2),IF(_xlpm.n<=6,1,MIN(1,_xlpm.k/3,(_xlpm.n-_xlpm.k+1)/3)))))) -> 0 | ... GL9: =IF($I9=0,0,IF(OR(GL$140=0,GL$1<$G9,GL$1>$H9+6),0,_xlfn.LET(_xlpm.k,COUNTIFS($J$1:GL$1,">="&$G9,$J$140:GL$140,">0"),_xlpm.n,$I9,GL$140*IF($C9="Bell",EXP(-0.5*((_xlpm.k-(_xlpm.n+1)/2)/MAX(_xlpm.n/6,0.5))^2),IF(_xlpm.n<=6,1,MIN(1,_xlpm.k/3,(_xlpm.n-_xlpm.k+1)/3)))))) -> 0
A10: =Sheet1!B10 -> 0-4004-08 | B10: =Sheet1!D10 -> 0 | E10: =SUM(J10:GL10) -> 0 | G10: =IF(Sheet1!G10="","",Sheet1!G10) | H10: =IF(Sheet1!H10="","",Sheet1!H10) | I10: =IF(OR(G10="",H10=""),0,COUNTIFS($J$1:$GL$1,">="&G10,$J$1:$GL$1,"<="&H10+6,$J$140:$GL$140,">0")) -> 0 | J10: =IF($I10=0,0,IF(OR(J$140=0,J$1<$G10,J$1>$H10+6),0,_xlfn.LET(_xlpm.k,COUNTIFS($J$1:J$1,">="&$G10,$J$140:J$140,">0"),_xlpm.n,$I10,J$140*IF($C10="Bell",EXP(-0.5*((_xlpm.k-(_xlpm.n+1)/2)/MAX(_xlpm.n/6,0.5))^2),IF(_xlpm.n<=6,1,MIN(1,_xlpm.k/3,(_xlpm.n-_xlpm.k+1)/3)))))) -> 0 | K10: =IF($I10=0,0,IF(OR(K$140=0,K$1<$G10,K$1>$H10+6),0,_xlfn.LET(_xlpm.k,COUNTIFS($J$1:K$1,">="&$G10,$J$140:K$140,">0"),_xlpm.n,$I10,K$140*IF($C10="Bell",EXP(-0.5*((_xlpm.k-(_xlpm.n+1)/2)/MAX(_xlpm.n/6,0.5))^2),IF(_xlpm.n<=6,1,MIN(1,_xlpm.k/3,(_xlpm.n-_xlpm.k+1)/3)))))) -> 0 | L10: =IF($I10=0,0,IF(OR(L$140=0,L$1<$G10,L$1>$H10+6),0,_xlfn.LET(_xlpm.k,COUNTIFS($J$1:L$1,">="&$G10,$J$140:L$140,">0"),_xlpm.n,$I10,L$140*IF($C10="Bell",EXP(-0.5*((_xlpm.k-(_xlpm.n+1)/2)/MAX(_xlpm.n/6,0.5))^2),IF(_xlpm.n<=6,1,MIN(1,_xlpm.k/3,(_xlpm.n-_xlpm.k+1)/3)))))) -> 0 | M10: =IF($I10=0,0,IF(OR(M$140=0,M$1<$G10,M$1>$H10+6),0,_xlfn.LET(_xlpm.k,COUNTIFS($J$1:M$1,">="&$G10,$J$140:M$140,">0"),_xlpm.n,$I10,M$140*IF($C10="Bell",EXP(-0.5*((_xlpm.k-(_xlpm.n+1)/2)/MAX(_xlpm.n/6,0.5))^2),IF(_xlpm.n<=6,1,MIN(1,_xlpm.k/3,(_xlpm.n-_xlpm.k+1)/3)))))) -> 0 | N10: =IF($I10=0,0,IF(OR(N$140=0,N$1<$G10,N$1>$H10+6),0,_xlfn.LET(_xlpm.k,COUNTIFS($J$1:N$1,">="&$G10,$J$140:N$140,">0"),_xlpm.n,$I10,N$140*IF($C10="Bell",EXP(-0.5*((_xlpm.k-(_xlpm.n+1)/2)/MAX(_xlpm.n/6,0.5))^2),IF(_xlpm.n<=6,1,MIN(1,_xlpm.k/3,(_xlpm.n-_xlpm.k+1)/3)))))) -> 0 | O10: =IF($I10=0,0,IF(OR(O$140=0,O$1<$G10,O$1>$H10+6),0,_xlfn.LET(_xlpm.k,COUNTIFS($J$1:O$1,">="&$G10,$J$140:O$140,">0"),_xlpm.n,$I10,O$140*IF($C10="Bell",EXP(-0.5*((_xlpm.k-(_xlpm.n+1)/2)/MAX(_xlpm.n/6,0.5))^2),IF(_xlpm.n<=6,1,MIN(1,_xlpm.k/3,(_xlpm.n-_xlpm.k+1)/3)))))) -> 0 | P10: =IF($I10=0,0,IF(OR(P$140=0,P$1<$G10,P$1>$H10+6),0,_xlfn.LET(_xlpm.k,COUNTIFS($J$1:P$1,">="&$G10,$J$140:P$140,">0"),_xlpm.n,$I10,P$140*IF($C10="Bell",EXP(-0.5*((_xlpm.k-(_xlpm.n+1)/2)/MAX(_xlpm.n/6,0.5))^2),IF(_xlpm.n<=6,1,MIN(1,_xlpm.k/3,(_xlpm.n-_xlpm.k+1)/3)))))) -> 0 | Q10: =IF($I10=0,0,IF(OR(Q$140=0,Q$1<$G10,Q$1>$H10+6),0,_xlfn.LET(_xlpm.k,COUNTIFS($J$1:Q$1,">="&$G10,$J$140:Q$140,">0"),_xlpm.n,$I10,Q$140*IF($C10="Bell",EXP(-0.5*((_xlpm.k-(_xlpm.n+1)/2)/MAX(_xlpm.n/6,0.5))^2),IF(_xlpm.n<=6,1,MIN(1,_xlpm.k/3,(_xlpm.n-_xlpm.k+1)/3)))))) -> 0 | ... GL10: =IF($I10=0,0,IF(OR(GL$140=0,GL$1<$G10,GL$1>$H10+6),0,_xlfn.LET(_xlpm.k,COUNTIFS($J$1:GL$1,">="&$G10,$J$140:GL$140,">0"),_xlpm.n,$I10,GL$140*IF($C10="Bell",EXP(-0.5*((_xlpm.k-(_xlpm.n+1)/2)/MAX(_xlpm.n/6,0.5))^2),IF(_xlpm.n<=6,1,MIN(1,_xlpm.k/3,(_xlpm.n-_xlpm.k+1)/3)))))) -> 0
A11: =Sheet1!B11 -> 0-4004-10 | B11: =Sheet1!D11 -> 0 | E11: =SUM(J11:GL11) -> 0 | G11: =IF(Sheet1!G11="","",Sheet1!G11) | H11: =IF(Sheet1!H11="","",Sheet1!H11) | I11: =IF(OR(G11="",H11=""),0,COUNTIFS($J$1:$GL$1,">="&G11,$J$1:$GL$1,"<="&H11+6,$J$140:$GL$140,">0")) -> 0 | J11: =IF($I11=0,0,IF(OR(J$140=0,J$1<$G11,J$1>$H11+6),0,_xlfn.LET(_xlpm.k,COUNTIFS($J$1:J$1,">="&$G11,$J$140:J$140,">0"),_xlpm.n,$I11,J$140*IF($C11="Bell",EXP(-0.5*((_xlpm.k-(_xlpm.n+1)/2)/MAX(_xlpm.n/6,0.5))^2),IF(_xlpm.n<=6,1,MIN(1,_xlpm.k/3,(_xlpm.n-_xlpm.k+1)/3)))))) -> 0 | K11: =IF($I11=0,0,IF(OR(K$140=0,K$1<$G11,K$1>$H11+6),0,_xlfn.LET(_xlpm.k,COUNTIFS($J$1:K$1,">="&$G11,$J$140:K$140,">0"),_xlpm.n,$I11,K$140*IF($C11="Bell",EXP(-0.5*((_xlpm.k-(_xlpm.n+1)/2)/MAX(_xlpm.n/6,0.5))^2),IF(_xlpm.n<=6,1,MIN(1,_xlpm.k/3,(_xlpm.n-_xlpm.k+1)/3)))))) -> 0 | L11: =IF($I11=0,0,IF(OR(L$140=0,L$1<$G11,L$1>$H11+6),0,_xlfn.LET(_xlpm.k,COUNTIFS($J$1:L$1,">="&$G11,$J$140:L$140,">0"),_xlpm.n,$I11,L$140*IF($C11="Bell",EXP(-0.5*((_xlpm.k-(_xlpm.n+1)/2)/MAX(_xlpm.n/6,0.5))^2),IF(_xlpm.n<=6,1,MIN(1,_xlpm.k/3,(_xlpm.n-_xlpm.k+1)/3)))))) -> 0 | M11: =IF($I11=0,0,IF(OR(M$140=0,M$1<$G11,M$1>$H11+6),0,_xlfn.LET(_xlpm.k,COUNTIFS($J$1:M$1,">="&$G11,$J$140:M$140,">0"),_xlpm.n,$I11,M$140*IF($C11="Bell",EXP(-0.5*((_xlpm.k-(_xlpm.n+1)/2)/MAX(_xlpm.n/6,0.5))^2),IF(_xlpm.n<=6,1,MIN(1,_xlpm.k/3,(_xlpm.n-_xlpm.k+1)/3)))))) -> 0 | N11: =IF($I11=0,0,IF(OR(N$140=0,N$1<$G11,N$1>$H11+6),0,_xlfn.LET(_xlpm.k,COUNTIFS($J$1:N$1,">="&$G11,$J$140:N$140,">0"),_xlpm.n,$I11,N$140*IF($C11="Bell",EXP(-0.5*((_xlpm.k-(_xlpm.n+1)/2)/MAX(_xlpm.n/6,0.5))^2),IF(_xlpm.n<=6,1,MIN(1,_xlpm.k/3,(_xlpm.n-_xlpm.k+1)/3)))))) -> 0 | O11: =IF($I11=0,0,IF(OR(O$140=0,O$1<$G11,O$1>$H11+6),0,_xlfn.LET(_xlpm.k,COUNTIFS($J$1:O$1,">="&$G11,$J$140:O$140,">0"),_xlpm.n,$I11,O$140*IF($C11="Bell",EXP(-0.5*((_xlpm.k-(_xlpm.n+1)/2)/MAX(_xlpm.n/6,0.5))^2),IF(_xlpm.n<=6,1,MIN(1,_xlpm.k/3,(_xlpm.n-_xlpm.k+1)/3)))))) -> 0 | P11: =IF($I11=0,0,IF(OR(P$140=0,P$1<$G11,P$1>$H11+6),0,_xlfn.LET(_xlpm.k,COUNTIFS($J$1:P$1,">="&$G11,$J$140:P$140,">0"),_xlpm.n,$I11,P$140*IF($C11="Bell",EXP(-0.5*((_xlpm.k-(_xlpm.n+1)/2)/MAX(_xlpm.n/6,0.5))^2),IF(_xlpm.n<=6,1,MIN(1,_xlpm.k/3,(_xlpm.n-_xlpm.k+1)/3)))))) -> 0 | Q11: =IF($I11=0,0,IF(OR(Q$140=0,Q$1<$G11,Q$1>$H11+6),0,_xlfn.LET(_xlpm.k,COUNTIFS($J$1:Q$1,">="&$G11,$J$140:Q$140,">0"),_xlpm.n,$I11,Q$140*IF($C11="Bell",EXP(-0.5*((_xlpm.k-(_xlpm.n+1)/2)/MAX(_xlpm.n/6,0.5))^2),IF(_xlpm.n<=6,1,MIN(1,_xlpm.k/3,(_xlpm.n-_xlpm.k+1)/3)))))) -> 0 | ... GL11: =IF($I11=0,0,IF(OR(GL$140=0,GL$1<$G11,GL$1>$H11+6),0,_xlfn.LET(_xlpm.k,COUNTIFS($J$1:GL$1,">="&$G11,$J$140:GL$140,">0"),_xlpm.n,$I11,GL$140*IF($C11="Bell",EXP(-0.5*((_xlpm.k-(_xlpm.n+1)/2)/MAX(_xlpm.n/6,0.5))^2),IF(_xlpm.n<=6,1,MIN(1,_xlpm.k/3,(_xlpm.n-_xlpm.k+1)/3)))))) -> 0
A12: =Sheet1!B12 -> 0-4004-11 | B12: =Sheet1!D12 -> 0 | E12: =SUM(J12:GL12) -> 0 | G12: =IF(Sheet1!G12="","",Sheet1!G12) | H12: =IF(Sheet1!H12="","",Sheet1!H12) | I12: =IF(OR(G12="",H12=""),0,COUNTIFS($J$1:$GL$1,">="&G12,$J$1:$GL$1,"<="&H12+6,$J$140:$GL$140,">0")) -> 0 | J12: =IF($I12=0,0,IF(OR(J$140=0,J$1<$G12,J$1>$H12+6),0,_xlfn.LET(_xlpm.k,COUNTIFS($J$1:J$1,">="&$G12,$J$140:J$140,">0"),_xlpm.n,$I12,J$140*IF($C12="Bell",EXP(-0.5*((_xlpm.k-(_xlpm.n+1)/2)/MAX(_xlpm.n/6,0.5))^2),IF(_xlpm.n<=6,1,MIN(1,_xlpm.k/3,(_xlpm.n-_xlpm.k+1)/3)))))) -> 0 | K12: =IF($I12=0,0,IF(OR(K$140=0,K$1<$G12,K$1>$H12+6),0,_xlfn.LET(_xlpm.k,COUNTIFS($J$1:K$1,">="&$G12,$J$140:K$140,">0"),_xlpm.n,$I12,K$140*IF($C12="Bell",EXP(-0.5*((_xlpm.k-(_xlpm.n+1)/2)/MAX(_xlpm.n/6,0.5))^2),IF(_xlpm.n<=6,1,MIN(1,_xlpm.k/3,(_xlpm.n-_xlpm.k+1)/3)))))) -> 0 | L12: =IF($I12=0,0,IF(OR(L$140=0,L$1<$G12,L$1>$H12+6),0,_xlfn.LET(_xlpm.k,COUNTIFS($J$1:L$1,">="&$G12,$J$140:L$140,">0"),_xlpm.n,$I12,L$140*IF($C12="Bell",EXP(-0.5*((_xlpm.k-(_xlpm.n+1)/2)/MAX(_xlpm.n/6,0.5))^2),IF(_xlpm.n<=6,1,MIN(1,_xlpm.k/3,(_xlpm.n-_xlpm.k+1)/3)))))) -> 0 | M12: =IF($I12=0,0,IF(OR(M$140=0,M$1<$G12,M$1>$H12+6),0,_xlfn.LET(_xlpm.k,COUNTIFS($J$1:M$1,">="&$G12,$J$140:M$140,">0"),_xlpm.n,$I12,M$140*IF($C12="Bell",EXP(-0.5*((_xlpm.k-(_xlpm.n+1)/2)/MAX(_xlpm.n/6,0.5))^2),IF(_xlpm.n<=6,1,MIN(1,_xlpm.k/3,(_xlpm.n-_xlpm.k+1)/3)))))) -> 0 | N12: =IF($I12=0,0,IF(OR(N$140=0,N$1<$G12,N$1>$H12+6),0,_xlfn.LET(_xlpm.k,COUNTIFS($J$1:N$1,">="&$G12,$J$140:N$140,">0"),_xlpm.n,$I12,N$140*IF($C12="Bell",EXP(-0.5*((_xlpm.k-(_xlpm.n+1)/2)/MAX(_xlpm.n/6,0.5))^2),IF(_xlpm.n<=6,1,MIN(1,_xlpm.k/3,(_xlpm.n-_xlpm.k+1)/3)))))) -> 0 | O12: =IF($I12=0,0,IF(OR(O$140=0,O$1<$G12,O$1>$H12+6),0,_xlfn.LET(_xlpm.k,COUNTIFS($J$1:O$1,">="&$G12,$J$140:O$140,">0"),_xlpm.n,$I12,O$140*IF($C12="Bell",EXP(-0.5*((_xlpm.k-(_xlpm.n+1)/2)/MAX(_xlpm.n/6,0.5))^2),IF(_xlpm.n<=6,1,MIN(1,_xlpm.k/3,(_xlpm.n-_xlpm.k+1)/3)))))) -> 0 | P12: =IF($I12=0,0,IF(OR(P$140=0,P$1<$G12,P$1>$H12+6),0,_xlfn.LET(_xlpm.k,COUNTIFS($J$1:P$1,">="&$G12,$J$140:P$140,">0"),_xlpm.n,$I12,P$140*IF($C12="Bell",EXP(-0.5*((_xlpm.k-(_xlpm.n+1)/2)/MAX(_xlpm.n/6,0.5))^2),IF(_xlpm.n<=6,1,MIN(1,_xlpm.k/3,(_xlpm.n-_xlpm.k+1)/3)))))) -> 0 | Q12: =IF($I12=0,0,IF(OR(Q$140=0,Q$1<$G12,Q$1>$H12+6),0,_xlfn.LET(_xlpm.k,COUNTIFS($J$1:Q$1,">="&$G12,$J$140:Q$140,">0"),_xlpm.n,$I12,Q$140*IF($C12="Bell",EXP(-0.5*((_xlpm.k-(_xlpm.n+1)/2)/MAX(_xlpm.n/6,0.5))^2),IF(_xlpm.n<=6,1,MIN(1,_xlpm.k/3,(_xlpm.n-_xlpm.k+1)/3)))))) -> 0 | ... GL12: =IF($I12=0,0,IF(OR(GL$140=0,GL$1<$G12,GL$1>$H12+6),0,_xlfn.LET(_xlpm.k,COUNTIFS($J$1:GL$1,">="&$G12,$J$140:GL$140,">0"),_xlpm.n,$I12,GL$140*IF($C12="Bell",EXP(-0.5*((_xlpm.k-(_xlpm.n+1)/2)/MAX(_xlpm.n/6,0.5))^2),IF(_xlpm.n<=6,1,MIN(1,_xlpm.k/3,(_xlpm.n-_xlpm.k+1)/3)))))) -> 0
A13: =Sheet1!B13 -> 0-4004-15 | B13: =Sheet1!D13 -> 0 | E13: =SUM(J13:GL13) -> 0 | G13: =IF(Sheet1!G13="","",Sheet1!G13) | H13: =IF(Sheet1!H13="","",Sheet1!H13) | I13: =IF(OR(G13="",H13=""),0,COUNTIFS($J$1:$GL$1,">="&G13,$J$1:$GL$1,"<="&H13+6,$J$140:$GL$140,">0")) -> 0 | J13: =IF($I13=0,0,IF(OR(J$140=0,J$1<$G13,J$1>$H13+6),0,_xlfn.LET(_xlpm.k,COUNTIFS($J$1:J$1,">="&$G13,$J$140:J$140,">0"),_xlpm.n,$I13,J$140*IF($C13="Bell",EXP(-0.5*((_xlpm.k-(_xlpm.n+1)/2)/MAX(_xlpm.n/6,0.5))^2),IF(_xlpm.n<=6,1,MIN(1,_xlpm.k/3,(_xlpm.n-_xlpm.k+1)/3)))))) -> 0 | K13: =IF($I13=0,0,IF(OR(K$140=0,K$1<$G13,K$1>$H13+6),0,_xlfn.LET(_xlpm.k,COUNTIFS($J$1:K$1,">="&$G13,$J$140:K$140,">0"),_xlpm.n,$I13,K$140*IF($C13="Bell",EXP(-0.5*((_xlpm.k-(_xlpm.n+1)/2)/MAX(_xlpm.n/6,0.5))^2),IF(_xlpm.n<=6,1,MIN(1,_xlpm.k/3,(_xlpm.n-_xlpm.k+1)/3)))))) -> 0 | L13: =IF($I13=0,0,IF(OR(L$140=0,L$1<$G13,L$1>$H13+6),0,_xlfn.LET(_xlpm.k,COUNTIFS($J$1:L$1,">="&$G13,$J$140:L$140,">0"),_xlpm.n,$I13,L$140*IF($C13="Bell",EXP(-0.5*((_xlpm.k-(_xlpm.n+1)/2)/MAX(_xlpm.n/6,0.5))^2),IF(_xlpm.n<=6,1,MIN(1,_xlpm.k/3,(_xlpm.n-_xlpm.k+1)/3)))))) -> 0 | M13: =IF($I13=0,0,IF(OR(M$140=0,M$1<$G13,M$1>$H13+6),0,_xlfn.LET(_xlpm.k,COUNTIFS($J$1:M$1,">="&$G13,$J$140:M$140,">0"),_xlpm.n,$I13,M$140*IF($C13="Bell",EXP(-0.5*((_xlpm.k-(_xlpm.n+1)/2)/MAX(_xlpm.n/6,0.5))^2),IF(_xlpm.n<=6,1,MIN(1,_xlpm.k/3,(_xlpm.n-_xlpm.k+1)/3)))))) -> 0 | N13: =IF($I13=0,0,IF(OR(N$140=0,N$1<$G13,N$1>$H13+6),0,_xlfn.LET(_xlpm.k,COUNTIFS($J$1:N$1,">="&$G13,$J$140:N$140,">0"),_xlpm.n,$I13,N$140*IF($C13="Bell",EXP(-0.5*((_xlpm.k-(_xlpm.n+1)/2)/MAX(_xlpm.n/6,0.5))^2),IF(_xlpm.n<=6,1,MIN(1,_xlpm.k/3,(_xlpm.n-_xlpm.k+1)/3)))))) -> 0 | O13: =IF($I13=0,0,IF(OR(O$140=0,O$1<$G13,O$1>$H13+6),0,_xlfn.LET(_xlpm.k,COUNTIFS($J$1:O$1,">="&$G13,$J$140:O$140,">0"),_xlpm.n,$I13,O$140*IF($C13="Bell",EXP(-0.5*((_xlpm.k-(_xlpm.n+1)/2)/MAX(_xlpm.n/6,0.5))^2),IF(_xlpm.n<=6,1,MIN(1,_xlpm.k/3,(_xlpm.n-_xlpm.k+1)/3)))))) -> 0 | P13: =IF($I13=0,0,IF(OR(P$140=0,P$1<$G13,P$1>$H13+6),0,_xlfn.LET(_xlpm.k,COUNTIFS($J$1:P$1,">="&$G13,$J$140:P$140,">0"),_xlpm.n,$I13,P$140*IF($C13="Bell",EXP(-0.5*((_xlpm.k-(_xlpm.n+1)/2)/MAX(_xlpm.n/6,0.5))^2),IF(_xlpm.n<=6,1,MIN(1,_xlpm.k/3,(_xlpm.n-_xlpm.k+1)/3)))))) -> 0 | Q13: =IF($I13=0,0,IF(OR(Q$140=0,Q$1<$G13,Q$1>$H13+6),0,_xlfn.LET(_xlpm.k,COUNTIFS($J$1:Q$1,">="&$G13,$J$140:Q$140,">0"),_xlpm.n,$I13,Q$140*IF($C13="Bell",EXP(-0.5*((_xlpm.k-(_xlpm.n+1)/2)/MAX(_xlpm.n/6,0.5))^2),IF(_xlpm.n<=6,1,MIN(1,_xlpm.k/3,(_xlpm.n-_xlpm.k+1)/3)))))) -> 0 | ... GL13: =IF($I13=0,0,IF(OR(GL$140=0,GL$1<$G13,GL$1>$H13+6),0,_xlfn.LET(_xlpm.k,COUNTIFS($J$1:GL$1,">="&$G13,$J$140:GL$140,">0"),_xlpm.n,$I13,GL$140*IF($C13="Bell",EXP(-0.5*((_xlpm.k-(_xlpm.n+1)/2)/MAX(_xlpm.n/6,0.5))^2),IF(_xlpm.n<=6,1,MIN(1,_xlpm.k/3,(_xlpm.n-_xlpm.k+1)/3)))))) -> 0
... A18: =Sheet1!B18 -> 0-4005-01 | B18: =Sheet1!D18 -> 0-4005-01-Civil FOE | E18: =SUM(J18:GL18) -> 4 | G18: =IF(Sheet1!G18="","",Sheet1!G18) -> 46300 | H18: =IF(Sheet1!H18="","",Sheet1!H18) -> 46325 | I18: =IF(OR(G18="",H18=""),0,COUNTIFS($J$1:$GL$1,">="&G18,$J$1:$GL$1,"<="&H18+6,$J$140:$GL$140,">0")) -> 4 | J18: =IF($I18=0,0,IF(OR(J$140=0,J$1<$G18,J$1>$H18+6),0,_xlfn.LET(_xlpm.k,COUNTIFS($J$1:J$1,">="&$G18,$J$140:J$140,">0"),_xlpm.n,$I18,J$140*IF($C18="Bell",EXP(-0.5*((_xlpm.k-(_xlpm.n+1)/2)/MAX(_xlpm.n/6,0.5))^2),IF(_xlpm.n<=6,1,MIN(1,_xlpm.k/3,(_xlpm.n-_xlpm.k+1)/3)))))) -> 0 | K18: =IF($I18=0,0,IF(OR(K$140=0,K$1<$G18,K$1>$H18+6),0,_xlfn.LET(_xlpm.k,COUNTIFS($J$1:K$1,">="&$G18,$J$140:K$140,">0"),_xlpm.n,$I18,K$140*IF($C18="Bell",EXP(-0.5*((_xlpm.k-(_xlpm.n+1)/2)/MAX(_xlpm.n/6,0.5))^2),IF(_xlpm.n<=6,1,MIN(1,_xlpm.k/3,(_xlpm.n-_xlpm.k+1)/3)))))) -> 0 | L18: =IF($I18=0,0,IF(OR(L$140=0,L$1<$G18,L$1>$H18+6),0,_xlfn.LET(_xlpm.k,COUNTIFS($J$1:L$1,">="&$G18,$J$140:L$140,">0"),_xlpm.n,$I18,L$140*IF($C18="Bell",EXP(-0.5*((_xlpm.k-(_xlpm.n+1)/2)/MAX(_xlpm.n/6,0.5))^2),IF(_xlpm.n<=6,1,MIN(1,_xlpm.k/3,(_xlpm.n-_xlpm.k+1)/3)))))) -> 0 | M18: =IF($I18=0,0,IF(OR(M$140=0,M$1<$G18,M$1>$H18+6),0,_xlfn.LET(_xlpm.k,COUNTIFS($J$1:M$1,">="&$G18,$J$140:M$140,">0"),_xlpm.n,$I18,M$140*IF($C18="Bell",EXP(-0.5*((_xlpm.k-(_xlpm.n+1)/2)/MAX(_xlpm.n/6,0.5))^2),IF(_xlpm.n<=6,1,MIN(1,_xlpm.k/3,(_xlpm.n-_xlpm.k+1)/3)))))) -> 0 | N18: =IF($I18=0,0,IF(OR(N$140=0,N$1<$G18,N$1>$H18+6),0,_xlfn.LET(_xlpm.k,COUNTIFS($J$1:N$1,">="&$G18,$J$140:N$140,">0"),_xlpm.n,$I18,N$140*IF($C18="Bell",EXP(-0.5*((_xlpm.k-(_xlpm.n+1)/2)/MAX(_xlpm.n/6,0.5))^2),IF(_xlpm.n<=6,1,MIN(1,_xlpm.k/3,(_xlpm.n-_xlpm.k+1)/3)))))) -> 0 | O18: =IF($I18=0,0,IF(OR(O$140=0,O$1<$G18,O$1>$H18+6),0,_xlfn.LET(_xlpm.k,COUNTIFS($J$1:O$1,">="&$G18,$J$140:O$140,">0"),_xlpm.n,$I18,O$140*IF($C18="Bell",EXP(-0.5*((_xlpm.k-(_xlpm.n+1)/2)/MAX(_xlpm.n/6,0.5))^2),IF(_xlpm.n<=6,1,MIN(1,_xlpm.k/3,(_xlpm.n-_xlpm.k+1)/3)))))) -> 0 | P18: =IF($I18=0,0,IF(OR(P$140=0,P$1<$G18,P$1>$H18+6),0,_xlfn.LET(_xlpm.k,COUNTIFS($J$1:P$1,">="&$G18,$J$140:P$140,">0"),_xlpm.n,$I18,P$140*IF($C18="Bell",EXP(-0.5*((_xlpm.k-(_xlpm.n+1)/2)/MAX(_xlpm.n/6,0.5))^2),IF(_xlpm.n<=6,1,MIN(1,_xlpm.k/3,(_xlpm.n-_xlpm.k+1)/3)))))) -> 0 | Q18: =IF($I18=0,0,IF(OR(Q$140=0,Q$1<$G18,Q$1>$H18+6),0,_xlfn.LET(_xlpm.k,COUNTIFS($J$1:Q$1,">="&$G18,$J$140:Q$140,">0"),_xlpm.n,$I18,Q$140*IF($C18="Bell",EXP(-0.5*((_xlpm.k-(_xlpm.n+1)/2)/MAX(_xlpm.n/6,0.5))^2),IF(_xlpm.n<=6,1,MIN(1,_xlpm.k/3,(_xlpm.n-_xlpm.k+1)/3)))))) -> 0 | ... GL18: =IF($I18=0,0,IF(OR(GL$140=0,GL$1<$G18,GL$1>$H18+6),0,_xlfn.LET(_xlpm.k,COUNTIFS($J$1:GL$1,">="&$G18,$J$140:GL$140,">0"),_xlpm.n,$I18,GL$140*IF($C18="Bell",EXP(-0.5*((_xlpm.k-(_xlpm.n+1)/2)/MAX(_xlpm.n/6,0.5))^2),IF(_xlpm.n<=6,1,MIN(1,_xlpm.k/3,(_xlpm.n-_xlpm.k+1)/3)))))) -> 0
A19: =Sheet1!B19 -> 0-4005-02 | B19: =Sheet1!D19 -> 0-4005-02 Commish FOE | C19: Bell | E19: =SUM(J19:GL19) -> 5.233483 | G19: =IF(Sheet1!G19="","",Sheet1!G19) -> 46542 | H19: =IF(Sheet1!H19="","",Sheet1!H19) -> 46624 | I19: =IF(OR(G19="",H19=""),0,COUNTIFS($J$1:$GL$1,">="&G19,$J$1:$GL$1,"<="&H19+6,$J$140:$GL$140,">0")) -> 13 | J19: =IF($I19=0,0,IF(OR(J$140=0,J$1<$G19,J$1>$H19+6),0,_xlfn.LET(_xlpm.k,COUNTIFS($J$1:J$1,">="&$G19,$J$140:J$140,">0"),_xlpm.n,$I19,J$140*IF($C19="Bell",EXP(-0.5*((_xlpm.k-(_xlpm.n+1)/2)/MAX(_xlpm.n/6,0.5))^2),IF(_xlpm.n<=6,1,MIN(1,_xlpm.k/3,(_xlpm.n-_xlpm.k+1)/3)))))) -> 0 | K19: =IF($I19=0,0,IF(OR(K$140=0,K$1<$G19,K$1>$H19+6),0,_xlfn.LET(_xlpm.k,COUNTIFS($J$1:K$1,">="&$G19,$J$140:K$140,">0"),_xlpm.n,$I19,K$140*IF($C19="Bell",EXP(-0.5*((_xlpm.k-(_xlpm.n+1)/2)/MAX(_xlpm.n/6,0.5))^2),IF(_xlpm.n<=6,1,MIN(1,_xlpm.k/3,(_xlpm.n-_xlpm.k+1)/3)))))) -> 0 | L19: =IF($I19=0,0,IF(OR(L$140=0,L$1<$G19,L$1>$H19+6),0,_xlfn.LET(_xlpm.k,COUNTIFS($J$1:L$1,">="&$G19,$J$140:L$140,">0"),_xlpm.n,$I19,L$140*IF($C19="Bell",EXP(-0.5*((_xlpm.k-(_xlpm.n+1)/2)/MAX(_xlpm.n/6,0.5))^2),IF(_xlpm.n<=6,1,MIN(1,_xlpm.k/3,(_xlpm.n-_xlpm.k+1)/3)))))) -> 0 | M19: =IF($I19=0,0,IF(OR(M$140=0,M$1<$G19,M$1>$H19+6),0,_xlfn.LET(_xlpm.k,COUNTIFS($J$1:M$1,">="&$G19,$J$140:M$140,">0"),_xlpm.n,$I19,M$140*IF($C19="Bell",EXP(-0.5*((_xlpm.k-(_xlpm.n+1)/2)/MAX(_xlpm.n/6,0.5))^2),IF(_xlpm.n<=6,1,MIN(1,_xlpm.k/3,(_xlpm.n-_xlpm.k+1)/3)))))) -> 0 | N19: =IF($I19=0,0,IF(OR(N$140=0,N$1<$G19,N$1>$H19+6),0,_xlfn.LET(_xlpm.k,COUNTIFS($J$1:N$1,">="&$G19,$J$140:N$140,">0"),_xlpm.n,$I19,N$140*IF($C19="Bell",EXP(-0.5*((_xlpm.k-(_xlpm.n+1)/2)/MAX(_xlpm.n/6,0.5))^2),IF(_xlpm.n<=6,1,MIN(1,_xlpm.k/3,(_xlpm.n-_xlpm.k+1)/3)))))) -> 0 | O19: =IF($I19=0,0,IF(OR(O$140=0,O$1<$G19,O$1>$H19+6),0,_xlfn.LET(_xlpm.k,COUNTIFS($J$1:O$1,">="&$G19,$J$140:O$140,">0"),_xlpm.n,$I19,O$140*IF($C19="Bell",EXP(-0.5*((_xlpm.k-(_xlpm.n+1)/2)/MAX(_xlpm.n/6,0.5))^2),IF(_xlpm.n<=6,1,MIN(1,_xlpm.k/3,(_xlpm.n-_xlpm.k+1)/3)))))) -> 0 | P19: =IF($I19=0,0,IF(OR(P$140=0,P$1<$G19,P$1>$H19+6),0,_xlfn.LET(_xlpm.k,COUNTIFS($J$1:P$1,">="&$G19,$J$140:P$140,">0"),_xlpm.n,$I19,P$140*IF($C19="Bell",EXP(-0.5*((_xlpm.k-(_xlpm.n+1)/2)/MAX(_xlpm.n/6,0.5))^2),IF(_xlpm.n<=6,1,MIN(1,_xlpm.k/3,(_xlpm.n-_xlpm.k+1)/3)))))) -> 0 | Q19: =IF($I19=0,0,IF(OR(Q$140=0,Q$1<$G19,Q$1>$H19+6),0,_xlfn.LET(_xlpm.k,COUNTIFS($J$1:Q$1,">="&$G19,$J$140:Q$140,">0"),_xlpm.n,$I19,Q$140*IF($C19="Bell",EXP(-0.5*((_xlpm.k-(_xlpm.n+1)/2)/MAX(_xlpm.n/6,0.5))^2),IF(_xlpm.n<=6,1,MIN(1,_xlpm.k/3,(_xlpm.n-_xlpm.k+1)/3)))))) -> 0 | ... GL19: =IF($I19=0,0,IF(OR(GL$140=0,GL$1<$G19,GL$1>$H19+6),0,_xlfn.LET(_xlpm.k,COUNTIFS($J$1:GL$1,">="&$G19,$J$140:GL$140,">0"),_xlpm.n,$I19,GL$140*IF($C19="Bell",EXP(-0.5*((_xlpm.k-(_xlpm.n+1)/2)/MAX(_xlpm.n/6,0.5))^2),IF(_xlpm.n<=6,1,MIN(1,_xlpm.k/3,(_xlpm.n-_xlpm.k+1)/3)))))) -> 0
A20: =Sheet1!B20 -> 0-4006 | B20: =Sheet1!D20 -> 0-4006-Yard and Trailer | E20: =SUM(J20:GL20) -> 14.8 | G20: =IF(Sheet1!G20="","",Sheet1!G20) -> 46301 | H20: =IF(Sheet1!H20="","",Sheet1!H20) -> 46427 | I20: =IF(OR(G20="",H20=""),0,COUNTIFS($J$1:$GL$1,">="&G20,$J$1:$GL$1,"<="&H20+6,$J$140:$GL$140,">0")) -> 17 | J20: =IF($I20=0,0,IF(OR(J$140=0,J$1<$G20,J$1>$H20+6),0,_xlfn.LET(_xlpm.k,COUNTIFS($J$1:J$1,">="&$G20,$J$140:J$140,">0"),_xlpm.n,$I20,J$140*IF($C20="Bell",EXP(-0.5*((_xlpm.k-(_xlpm.n+1)/2)/MAX(_xlpm.n/6,0.5))^2),IF(_xlpm.n<=6,1,MIN(1,_xlpm.k/3,(_xlpm.n-_xlpm.k+1)/3)))))) -> 0 | K20: =IF($I20=0,0,IF(OR(K$140=0,K$1<$G20,K$1>$H20+6),0,_xlfn.LET(_xlpm.k,COUNTIFS($J$1:K$1,">="&$G20,$J$140:K$140,">0"),_xlpm.n,$I20,K$140*IF($C20="Bell",EXP(-0.5*((_xlpm.k-(_xlpm.n+1)/2)/MAX(_xlpm.n/6,0.5))^2),IF(_xlpm.n<=6,1,MIN(1,_xlpm.k/3,(_xlpm.n-_xlpm.k+1)/3)))))) -> 0 | L20: =IF($I20=0,0,IF(OR(L$140=0,L$1<$G20,L$1>$H20+6),0,_xlfn.LET(_xlpm.k,COUNTIFS($J$1:L$1,">="&$G20,$J$140:L$140,">0"),_xlpm.n,$I20,L$140*IF($C20="Bell",EXP(-0.5*((_xlpm.k-(_xlpm.n+1)/2)/MAX(_xlpm.n/6,0.5))^2),IF(_xlpm.n<=6,1,MIN(1,_xlpm.k/3,(_xlpm.n-_xlpm.k+1)/3)))))) -> 0 | M20: =IF($I20=0,0,IF(OR(M$140=0,M$1<$G20,M$1>$H20+6),0,_xlfn.LET(_xlpm.k,COUNTIFS($J$1:M$1,">="&$G20,$J$140:M$140,">0"),_xlpm.n,$I20,M$140*IF($C20="Bell",EXP(-0.5*((_xlpm.k-(_xlpm.n+1)/2)/MAX(_xlpm.n/6,0.5))^2),IF(_xlpm.n<=6,1,MIN(1,_xlpm.k/3,(_xlpm.n-_xlpm.k+1)/3)))))) -> 0 | N20: =IF($I20=0,0,IF(OR(N$140=0,N$1<$G20,N$1>$H20+6),0,_xlfn.LET(_xlpm.k,COUNTIFS($J$1:N$1,">="&$G20,$J$140:N$140,">0"),_xlpm.n,$I20,N$140*IF($C20="Bell",EXP(-0.5*((_xlpm.k-(_xlpm.n+1)/2)/MAX(_xlpm.n/6,0.5))^2),IF(_xlpm.n<=6,1,MIN(1,_xlpm.k/3,(_xlpm.n-_xlpm.k+1)/3)))))) -> 0 | O20: =IF($I20=0,0,IF(OR(O$140=0,O$1<$G20,O$1>$H20+6),0,_xlfn.LET(_xlpm.k,COUNTIFS($J$1:O$1,">="&$G20,$J$140:O$140,">0"),_xlpm.n,$I20,O$140*IF($C20="Bell",EXP(-0.5*((_xlpm.k-(_xlpm.n+1)/2)/MAX(_xlpm.n/6,0.5))^2),IF(_xlpm.n<=6,1,MIN(1,_xlpm.k/3,(_xlpm.n-_xlpm.k+1)/3)))))) -> 0 | P20: =IF($I20=0,0,IF(OR(P$140=0,P$1<$G20,P$1>$H20+6),0,_xlfn.LET(_xlpm.k,COUNTIFS($J$1:P$1,">="&$G20,$J$140:P$140,">0"),_xlpm.n,$I20,P$140*IF($C20="Bell",EXP(-0.5*((_xlpm.k-(_xlpm.n+1)/2)/MAX(_xlpm.n/6,0.5))^2),IF(_xlpm.n<=6,1,MIN(1,_xlpm.k/3,(_xlpm.n-_xlpm.k+1)/3)))))) -> 0 | Q20: =IF($I20=0,0,IF(OR(Q$140=0,Q$1<$G20,Q$1>$H20+6),0,_xlfn.LET(_xlpm.k,COUNTIFS($J$1:Q$1,">="&$G20,$J$140:Q$140,">0"),_xlpm.n,$I20,Q$140*IF($C20="Bell",EXP(-0.5*((_xlpm.k-(_xlpm.n+1)/2)/MAX(_xlpm.n/6,0.5))^2),IF(_xlpm.n<=6,1,MIN(1,_xlpm.k/3,(_xlpm.n-_xlpm.k+1)/3)))))) -> 0 | ... GL20: =IF($I20=0,0,IF(OR(GL$140=0,GL$1<$G20,GL$1>$H20+6),0,_xlfn.LET(_xlpm.k,COUNTIFS($J$1:GL$1,">="&$G20,$J$140:GL$140,">0"),_xlpm.n,$I20,GL$140*IF($C20="Bell",EXP(-0.5*((_xlpm.k-(_xlpm.n+1)/2)/MAX(_xlpm.n/6,0.5))^2),IF(_xlpm.n<=6,1,MIN(1,_xlpm.k/3,(_xlpm.n-_xlpm.k+1)/3)))))) -> 0
A21: =Sheet1!B21 -> 0-4007 | B21: =Sheet1!D21 -> 0-4007-Mowing | E21: =SUM(J21:GL21) -> 14.8 | G21: =IF(Sheet1!G21="","",Sheet1!G21) -> 46301 | H21: =IF(Sheet1!H21="","",Sheet1!H21) -> 46427 | I21: =IF(OR(G21="",H21=""),0,COUNTIFS($J$1:$GL$1,">="&G21,$J$1:$GL$1,"<="&H21+6,$J$140:$GL$140,">0")) -> 17 | J21: =IF($I21=0,0,IF(OR(J$140=0,J$1<$G21,J$1>$H21+6),0,_xlfn.LET(_xlpm.k,COUNTIFS($J$1:J$1,">="&$G21,$J$140:J$140,">0"),_xlpm.n,$I21,J$140*IF($C21="Bell",EXP(-0.5*((_xlpm.k-(_xlpm.n+1)/2)/MAX(_xlpm.n/6,0.5))^2),IF(_xlpm.n<=6,1,MIN(1,_xlpm.k/3,(_xlpm.n-_xlpm.k+1)/3)))))) -> 0 | K21: =IF($I21=0,0,IF(OR(K$140=0,K$1<$G21,K$1>$H21+6),0,_xlfn.LET(_xlpm.k,COUNTIFS($J$1:K$1,">="&$G21,$J$140:K$140,">0"),_xlpm.n,$I21,K$140*IF($C21="Bell",EXP(-0.5*((_xlpm.k-(_xlpm.n+1)/2)/MAX(_xlpm.n/6,0.5))^2),IF(_xlpm.n<=6,1,MIN(1,_xlpm.k/3,(_xlpm.n-_xlpm.k+1)/3)))))) -> 0 | L21: =IF($I21=0,0,IF(OR(L$140=0,L$1<$G21,L$1>$H21+6),0,_xlfn.LET(_xlpm.k,COUNTIFS($J$1:L$1,">="&$G21,$J$140:L$140,">0"),_xlpm.n,$I21,L$140*IF($C21="Bell",EXP(-0.5*((_xlpm.k-(_xlpm.n+1)/2)/MAX(_xlpm.n/6,0.5))^2),IF(_xlpm.n<=6,1,MIN(1,_xlpm.k/3,(_xlpm.n-_xlpm.k+1)/3)))))) -> 0 | M21: =IF($I21=0,0,IF(OR(M$140=0,M$1<$G21,M$1>$H21+6),0,_xlfn.LET(_xlpm.k,COUNTIFS($J$1:M$1,">="&$G21,$J$140:M$140,">0"),_xlpm.n,$I21,M$140*IF($C21="Bell",EXP(-0.5*((_xlpm.k-(_xlpm.n+1)/2)/MAX(_xlpm.n/6,0.5))^2),IF(_xlpm.n<=6,1,MIN(1,_xlpm.k/3,(_xlpm.n-_xlpm.k+1)/3)))))) -> 0 | N21: =IF($I21=0,0,IF(OR(N$140=0,N$1<$G21,N$1>$H21+6),0,_xlfn.LET(_xlpm.k,COUNTIFS($J$1:N$1,">="&$G21,$J$140:N$140,">0"),_xlpm.n,$I21,N$140*IF($C21="Bell",EXP(-0.5*((_xlpm.k-(_xlpm.n+1)/2)/MAX(_xlpm.n/6,0.5))^2),IF(_xlpm.n<=6,1,MIN(1,_xlpm.k/3,(_xlpm.n-_xlpm.k+1)/3)))))) -> 0 | O21: =IF($I21=0,0,IF(OR(O$140=0,O$1<$G21,O$1>$H21+6),0,_xlfn.LET(_xlpm.k,COUNTIFS($J$1:O$1,">="&$G21,$J$140:O$140,">0"),_xlpm.n,$I21,O$140*IF($C21="Bell",EXP(-0.5*((_xlpm.k-(_xlpm.n+1)/2)/MAX(_xlpm.n/6,0.5))^2),IF(_xlpm.n<=6,1,MIN(1,_xlpm.k/3,(_xlpm.n-_xlpm.k+1)/3)))))) -> 0 | P21: =IF($I21=0,0,IF(OR(P$140=0,P$1<$G21,P$1>$H21+6),0,_xlfn.LET(_xlpm.k,COUNTIFS($J$1:P$1,">="&$G21,$J$140:P$140,">0"),_xlpm.n,$I21,P$140*IF($C21="Bell",EXP(-0.5*((_xlpm.k-(_xlpm.n+1)/2)/MAX(_xlpm.n/6,0.5))^2),IF(_xlpm.n<=6,1,MIN(1,_xlpm.k/3,(_xlpm.n-_xlpm.k+1)/3)))))) -> 0 | Q21: =IF($I21=0,0,IF(OR(Q$140=0,Q$1<$G21,Q$1>$H21+6),0,_xlfn.LET(_xlpm.k,COUNTIFS($J$1:Q$1,">="&$G21,$J$140:Q$140,">0"),_xlpm.n,$I21,Q$140*IF($C21="Bell",EXP(-0.5*((_xlpm.k-(_xlpm.n+1)/2)/MAX(_xlpm.n/6,0.5))^2),IF(_xlpm.n<=6,1,MIN(1,_xlpm.k/3,(_xlpm.n-_xlpm.k+1)/3)))))) -> 0 | ... GL21: =IF($I21=0,0,IF(OR(GL$140=0,GL$1<$G21,GL$1>$H21+6),0,_xlfn.LET(_xlpm.k,COUNTIFS($J$1:GL$1,">="&$G21,$J$140:GL$140,">0"),_xlpm.n,$I21,GL$140*IF($C21="Bell",EXP(-0.5*((_xlpm.k-(_xlpm.n+1)/2)/MAX(_xlpm.n/6,0.5))^2),IF(_xlpm.n<=6,1,MIN(1,_xlpm.k/3,(_xlpm.n-_xlpm.k+1)/3)))))) -> 0
A22: =Sheet1!B22 -> 0-4010 | B22: =Sheet1!D22 -> 0 | E22: =SUM(J22:GL22) -> 0 | G22: =IF(Sheet1!G22="","",Sheet1!G22) | H22: =IF(Sheet1!H22="","",Sheet1!H22) | I22: =IF(OR(G22="",H22=""),0,COUNTIFS($J$1:$GL$1,">="&G22,$J$1:$GL$1,"<="&H22+6,$J$140:$GL$140,">0")) -> 0 | J22: =IF($I22=0,0,IF(OR(J$140=0,J$1<$G22,J$1>$H22+6),0,_xlfn.LET(_xlpm.k,COUNTIFS($J$1:J$1,">="&$G22,$J$140:J$140,">0"),_xlpm.n,$I22,J$140*IF($C22="Bell",EXP(-0.5*((_xlpm.k-(_xlpm.n+1)/2)/MAX(_xlpm.n/6,0.5))^2),IF(_xlpm.n<=6,1,MIN(1,_xlpm.k/3,(_xlpm.n-_xlpm.k+1)/3)))))) -> 0 | K22: =IF($I22=0,0,IF(OR(K$140=0,K$1<$G22,K$1>$H22+6),0,_xlfn.LET(_xlpm.k,COUNTIFS($J$1:K$1,">="&$G22,$J$140:K$140,">0"),_xlpm.n,$I22,K$140*IF($C22="Bell",EXP(-0.5*((_xlpm.k-(_xlpm.n+1)/2)/MAX(_xlpm.n/6,0.5))^2),IF(_xlpm.n<=6,1,MIN(1,_xlpm.k/3,(_xlpm.n-_xlpm.k+1)/3)))))) -> 0 | L22: =IF($I22=0,0,IF(OR(L$140=0,L$1<$G22,L$1>$H22+6),0,_xlfn.LET(_xlpm.k,COUNTIFS($J$1:L$1,">="&$G22,$J$140:L$140,">0"),_xlpm.n,$I22,L$140*IF($C22="Bell",EXP(-0.5*((_xlpm.k-(_xlpm.n+1)/2)/MAX(_xlpm.n/6,0.5))^2),IF(_xlpm.n<=6,1,MIN(1,_xlpm.k/3,(_xlpm.n-_xlpm.k+1)/3)))))) -> 0 | M22: =IF($I22=0,0,IF(OR(M$140=0,M$1<$G22,M$1>$H22+6),0,_xlfn.LET(_xlpm.k,COUNTIFS($J$1:M$1,">="&$G22,$J$140:M$140,">0"),_xlpm.n,$I22,M$140*IF($C22="Bell",EXP(-0.5*((_xlpm.k-(_xlpm.n+1)/2)/MAX(_xlpm.n/6,0.5))^2),IF(_xlpm.n<=6,1,MIN(1,_xlpm.k/3,(_xlpm.n-_xlpm.k+1)/3)))))) -> 0 | N22: =IF($I22=0,0,IF(OR(N$140=0,N$1<$G22,N$1>$H22+6),0,_xlfn.LET(_xlpm.k,COUNTIFS($J$1:N$1,">="&$G22,$J$140:N$140,">0"),_xlpm.n,$I22,N$140*IF($C22="Bell",EXP(-0.5*((_xlpm.k-(_xlpm.n+1)/2)/MAX(_xlpm.n/6,0.5))^2),IF(_xlpm.n<=6,1,MIN(1,_xlpm.k/3,(_xlpm.n-_xlpm.k+1)/3)))))) -> 0 | O22: =IF($I22=0,0,IF(OR(O$140=0,O$1<$G22,O$1>$H22+6),0,_xlfn.LET(_xlpm.k,COUNTIFS($J$1:O$1,">="&$G22,$J$140:O$140,">0"),_xlpm.n,$I22,O$140*IF($C22="Bell",EXP(-0.5*((_xlpm.k-(_xlpm.n+1)/2)/MAX(_xlpm.n/6,0.5))^2),IF(_xlpm.n<=6,1,MIN(1,_xlpm.k/3,(_xlpm.n-_xlpm.k+1)/3)))))) -> 0 | P22: =IF($I22=0,0,IF(OR(P$140=0,P$1<$G22,P$1>$H22+6),0,_xlfn.LET(_xlpm.k,COUNTIFS($J$1:P$1,">="&$G22,$J$140:P$140,">0"),_xlpm.n,$I22,P$140*IF($C22="Bell",EXP(-0.5*((_xlpm.k-(_xlpm.n+1)/2)/MAX(_xlpm.n/6,0.5))^2),IF(_xlpm.n<=6,1,MIN(1,_xlpm.k/3,(_xlpm.n-_xlpm.k+1)/3)))))) -> 0 | Q22: =IF($I22=0,0,IF(OR(Q$140=0,Q$1<$G22,Q$1>$H22+6),0,_xlfn.LET(_xlpm.k,COUNTIFS($J$1:Q$1,">="&$G22,$J$140:Q$140,">0"),_xlpm.n,$I22,Q$140*IF($C22="Bell",EXP(-0.5*((_xlpm.k-(_xlpm.n+1)/2)/MAX(_xlpm.n/6,0.5))^2),IF(_xlpm.n<=6,1,MIN(1,_xlpm.k/3,(_xlpm.n-_xlpm.k+1)/3)))))) -> 0 | ... GL22: =IF($I22=0,0,IF(OR(GL$140=0,GL$1<$G22,GL$1>$H22+6),0,_xlfn.LET(_xlpm.k,COUNTIFS($J$1:GL$1,">="&$G22,$J$140:GL$140,">0"),_xlpm.n,$I22,GL$140*IF($C22="Bell",EXP(-0.5*((_xlpm.k-(_xlpm.n+1)/2)/MAX(_xlpm.n/6,0.5))^2),IF(_xlpm.n<=6,1,MIN(1,_xlpm.k/3,(_xlpm.n-_xlpm.k+1)/3)))))) -> 0
A23: =Sheet1!B23 -> 0-4008 | B23: =Sheet1!D23 -> 0 | E23: =SUM(J23:GL23) -> 0 | G23: =IF(Sheet1!G23="","",Sheet1!G23) | H23: =IF(Sheet1!H23="","",Sheet1!H23) | I23: =IF(OR(G23="",H23=""),0,COUNTIFS($J$1:$GL$1,">="&G23,$J$1:$GL$1,"<="&H23+6,$J$140:$GL$140,">0")) -> 0 | J23: =IF($I23=0,0,IF(OR(J$140=0,J$1<$G23,J$1>$H23+6),0,_xlfn.LET(_xlpm.k,COUNTIFS($J$1:J$1,">="&$G23,$J$140:J$140,">0"),_xlpm.n,$I23,J$140*IF($C23="Bell",EXP(-0.5*((_xlpm.k-(_xlpm.n+1)/2)/MAX(_xlpm.n/6,0.5))^2),IF(_xlpm.n<=6,1,MIN(1,_xlpm.k/3,(_xlpm.n-_xlpm.k+1)/3)))))) -> 0 | K23: =IF($I23=0,0,IF(OR(K$140=0,K$1<$G23,K$1>$H23+6),0,_xlfn.LET(_xlpm.k,COUNTIFS($J$1:K$1,">="&$G23,$J$140:K$140,">0"),_xlpm.n,$I23,K$140*IF($C23="Bell",EXP(-0.5*((_xlpm.k-(_xlpm.n+1)/2)/MAX(_xlpm.n/6,0.5))^2),IF(_xlpm.n<=6,1,MIN(1,_xlpm.k/3,(_xlpm.n-_xlpm.k+1)/3)))))) -> 0 | L23: =IF($I23=0,0,IF(OR(L$140=0,L$1<$G23,L$1>$H23+6),0,_xlfn.LET(_xlpm.k,COUNTIFS($J$1:L$1,">="&$G23,$J$140:L$140,">0"),_xlpm.n,$I23,L$140*IF($C23="Bell",EXP(-0.5*((_xlpm.k-(_xlpm.n+1)/2)/MAX(_xlpm.n/6,0.5))^2),IF(_xlpm.n<=6,1,MIN(1,_xlpm.k/3,(_xlpm.n-_xlpm.k+1)/3)))))) -> 0 | M23: =IF($I23=0,0,IF(OR(M$140=0,M$1<$G23,M$1>$H23+6),0,_xlfn.LET(_xlpm.k,COUNTIFS($J$1:M$1,">="&$G23,$J$140:M$140,">0"),_xlpm.n,$I23,M$140*IF($C23="Bell",EXP(-0.5*((_xlpm.k-(_xlpm.n+1)/2)/MAX(_xlpm.n/6,0.5))^2),IF(_xlpm.n<=6,1,MIN(1,_xlpm.k/3,(_xlpm.n-_xlpm.k+1)/3)))))) -> 0 | N23: =IF($I23=0,0,IF(OR(N$140=0,N$1<$G23,N$1>$H23+6),0,_xlfn.LET(_xlpm.k,COUNTIFS($J$1:N$1,">="&$G23,$J$140:N$140,">0"),_xlpm.n,$I23,N$140*IF($C23="Bell",EXP(-0.5*((_xlpm.k-(_xlpm.n+1)/2)/MAX(_xlpm.n/6,0.5))^2),IF(_xlpm.n<=6,1,MIN(1,_xlpm.k/3,(_xlpm.n-_xlpm.k+1)/3)))))) -> 0 | O23: =IF($I23=0,0,IF(OR(O$140=0,O$1<$G23,O$1>$H23+6),0,_xlfn.LET(_xlpm.k,COUNTIFS($J$1:O$1,">="&$G23,$J$140:O$140,">0"),_xlpm.n,$I23,O$140*IF($C23="Bell",EXP(-0.5*((_xlpm.k-(_xlpm.n+1)/2)/MAX(_xlpm.n/6,0.5))^2),IF(_xlpm.n<=6,1,MIN(1,_xlpm.k/3,(_xlpm.n-_xlpm.k+1)/3)))))) -> 0 | P23: =IF($I23=0,0,IF(OR(P$140=0,P$1<$G23,P$1>$H23+6),0,_xlfn.LET(_xlpm.k,COUNTIFS($J$1:P$1,">="&$G23,$J$140:P$140,">0"),_xlpm.n,$I23,P$140*IF($C23="Bell",EXP(-0.5*((_xlpm.k-(_xlpm.n+1)/2)/MAX(_xlpm.n/6,0.5))^2),IF(_xlpm.n<=6,1,MIN(1,_xlpm.k/3,(_xlpm.n-_xlpm.k+1)/3)))))) -> 0 | Q23: =IF($I23=0,0,IF(OR(Q$140=0,Q$1<$G23,Q$1>$H23+6),0,_xlfn.LET(_xlpm.k,COUNTIFS($J$1:Q$1,">="&$G23,$J$140:Q$140,">0"),_xlpm.n,$I23,Q$140*IF($C23="Bell",EXP(-0.5*((_xlpm.k-(_xlpm.n+1)/2)/MAX(_xlpm.n/6,0.5))^2),IF(_xlpm.n<=6,1,MIN(1,_xlpm.k/3,(_xlpm.n-_xlpm.k+1)/3)))))) -> 0 | ... GL23: =IF($I23=0,0,IF(OR(GL$140=0,GL$1<$G23,GL$1>$H23+6),0,_xlfn.LET(_xlpm.k,COUNTIFS($J$1:GL$1,">="&$G23,$J$140:GL$140,">0"),_xlpm.n,$I23,GL$140*IF($C23="Bell",EXP(-0.5*((_xlpm.k-(_xlpm.n+1)/2)/MAX(_xlpm.n/6,0.5))^2),IF(_xlpm.n<=6,1,MIN(1,_xlpm.k/3,(_xlpm.n-_xlpm.k+1)/3)))))) -> 0
A24: =Sheet1!B24 -> 0-4013 | B24: =Sheet1!D24 -> 0 | E24: =SUM(J24:GL24) -> 0 | G24: =IF(Sheet1!G24="","",Sheet1!G24) | H24: =IF(Sheet1!H24="","",Sheet1!H24) | I24: =IF(OR(G24="",H24=""),0,COUNTIFS($J$1:$GL$1,">="&G24,$J$1:$GL$1,"<="&H24+6,$J$140:$GL$140,">0")) -> 0 | J24: =IF($I24=0,0,IF(OR(J$140=0,J$1<$G24,J$1>$H24+6),0,_xlfn.LET(_xlpm.k,COUNTIFS($J$1:J$1,">="&$G24,$J$140:J$140,">0"),_xlpm.n,$I24,J$140*IF($C24="Bell",EXP(-0.5*((_xlpm.k-(_xlpm.n+1)/2)/MAX(_xlpm.n/6,0.5))^2),IF(_xlpm.n<=6,1,MIN(1,_xlpm.k/3,(_xlpm.n-_xlpm.k+1)/3)))))) -> 0 | K24: =IF($I24=0,0,IF(OR(K$140=0,K$1<$G24,K$1>$H24+6),0,_xlfn.LET(_xlpm.k,COUNTIFS($J$1:K$1,">="&$G24,$J$140:K$140,">0"),_xlpm.n,$I24,K$140*IF($C24="Bell",EXP(-0.5*((_xlpm.k-(_xlpm.n+1)/2)/MAX(_xlpm.n/6,0.5))^2),IF(_xlpm.n<=6,1,MIN(1,_xlpm.k/3,(_xlpm.n-_xlpm.k+1)/3)))))) -> 0 | L24: =IF($I24=0,0,IF(OR(L$140=0,L$1<$G24,L$1>$H24+6),0,_xlfn.LET(_xlpm.k,COUNTIFS($J$1:L$1,">="&$G24,$J$140:L$140,">0"),_xlpm.n,$I24,L$140*IF($C24="Bell",EXP(-0.5*((_xlpm.k-(_xlpm.n+1)/2)/MAX(_xlpm.n/6,0.5))^2),IF(_xlpm.n<=6,1,MIN(1,_xlpm.k/3,(_xlpm.n-_xlpm.k+1)/3)))))) -> 0 | M24: =IF($I24=0,0,IF(OR(M$140=0,M$1<$G24,M$1>$H24+6),0,_xlfn.LET(_xlpm.k,COUNTIFS($J$1:M$1,">="&$G24,$J$140:M$140,">0"),_xlpm.n,$I24,M$140*IF($C24="Bell",EXP(-0.5*((_xlpm.k-(_xlpm.n+1)/2)/MAX(_xlpm.n/6,0.5))^2),IF(_xlpm.n<=6,1,MIN(1,_xlpm.k/3,(_xlpm.n-_xlpm.k+1)/3)))))) -> 0 | N24: =IF($I24=0,0,IF(OR(N$140=0,N$1<$G24,N$1>$H24+6),0,_xlfn.LET(_xlpm.k,COUNTIFS($J$1:N$1,">="&$G24,$J$140:N$140,">0"),_xlpm.n,$I24,N$140*IF($C24="Bell",EXP(-0.5*((_xlpm.k-(_xlpm.n+1)/2)/MAX(_xlpm.n/6,0.5))^2),IF(_xlpm.n<=6,1,MIN(1,_xlpm.k/3,(_xlpm.n-_xlpm.k+1)/3)))))) -> 0 | O24: =IF($I24=0,0,IF(OR(O$140=0,O$1<$G24,O$1>$H24+6),0,_xlfn.LET(_xlpm.k,COUNTIFS($J$1:O$1,">="&$G24,$J$140:O$140,">0"),_xlpm.n,$I24,O$140*IF($C24="Bell",EXP(-0.5*((_xlpm.k-(_xlpm.n+1)/2)/MAX(_xlpm.n/6,0.5))^2),IF(_xlpm.n<=6,1,MIN(1,_xlpm.k/3,(_xlpm.n-_xlpm.k+1)/3)))))) -> 0 | P24: =IF($I24=0,0,IF(OR(P$140=0,P$1<$G24,P$1>$H24+6),0,_xlfn.LET(_xlpm.k,COUNTIFS($J$1:P$1,">="&$G24,$J$140:P$140,">0"),_xlpm.n,$I24,P$140*IF($C24="Bell",EXP(-0.5*((_xlpm.k-(_xlpm.n+1)/2)/MAX(_xlpm.n/6,0.5))^2),IF(_xlpm.n<=6,1,MIN(1,_xlpm.k/3,(_xlpm.n-_xlpm.k+1)/3)))))) -> 0 | Q24: =IF($I24=0,0,IF(OR(Q$140=0,Q$1<$G24,Q$1>$H24+6),0,_xlfn.LET(_xlpm.k,COUNTIFS($J$1:Q$1,">="&$G24,$J$140:Q$140,">0"),_xlpm.n,$I24,Q$140*IF($C24="Bell",EXP(-0.5*((_xlpm.k-(_xlpm.n+1)/2)/MAX(_xlpm.n/6,0.5))^2),IF(_xlpm.n<=6,1,MIN(1,_xlpm.k/3,(_xlpm.n-_xlpm.k+1)/3)))))) -> 0 | ... GL24: =IF($I24=0,0,IF(OR(GL$140=0,GL$1<$G24,GL$1>$H24+6),0,_xlfn.LET(_xlpm.k,COUNTIFS($J$1:GL$1,">="&$G24,$J$140:GL$140,">0"),_xlpm.n,$I24,GL$140*IF($C24="Bell",EXP(-0.5*((_xlpm.k-(_xlpm.n+1)/2)/MAX(_xlpm.n/6,0.5))^2),IF(_xlpm.n<=6,1,MIN(1,_xlpm.k/3,(_xlpm.n-_xlpm.k+1)/3)))))) -> 0
A25: =Sheet1!B25 -> 0-4013-01 | B25: =Sheet1!D25 -> 0 | E25: =SUM(J25:GL25) -> 0 | G25: =IF(Sheet1!G25="","",Sheet1!G25) | H25: =IF(Sheet1!H25="","",Sheet1!H25) | I25: =IF(OR(G25="",H25=""),0,COUNTIFS($J$1:$GL$1,">="&G25,$J$1:$GL$1,"<="&H25+6,$J$140:$GL$140,">0")) -> 0 | J25: =IF($I25=0,0,IF(OR(J$140=0,J$1<$G25,J$1>$H25+6),0,_xlfn.LET(_xlpm.k,COUNTIFS($J$1:J$1,">="&$G25,$J$140:J$140,">0"),_xlpm.n,$I25,J$140*IF($C25="Bell",EXP(-0.5*((_xlpm.k-(_xlpm.n+1)/2)/MAX(_xlpm.n/6,0.5))^2),IF(_xlpm.n<=6,1,MIN(1,_xlpm.k/3,(_xlpm.n-_xlpm.k+1)/3)))))) -> 0 | K25: =IF($I25=0,0,IF(OR(K$140=0,K$1<$G25,K$1>$H25+6),0,_xlfn.LET(_xlpm.k,COUNTIFS($J$1:K$1,">="&$G25,$J$140:K$140,">0"),_xlpm.n,$I25,K$140*IF($C25="Bell",EXP(-0.5*((_xlpm.k-(_xlpm.n+1)/2)/MAX(_xlpm.n/6,0.5))^2),IF(_xlpm.n<=6,1,MIN(1,_xlpm.k/3,(_xlpm.n-_xlpm.k+1)/3)))))) -> 0 | L25: =IF($I25=0,0,IF(OR(L$140=0,L$1<$G25,L$1>$H25+6),0,_xlfn.LET(_xlpm.k,COUNTIFS($J$1:L$1,">="&$G25,$J$140:L$140,">0"),_xlpm.n,$I25,L$140*IF($C25="Bell",EXP(-0.5*((_xlpm.k-(_xlpm.n+1)/2)/MAX(_xlpm.n/6,0.5))^2),IF(_xlpm.n<=6,1,MIN(1,_xlpm.k/3,(_xlpm.n-_xlpm.k+1)/3)))))) -> 0 | M25: =IF($I25=0,0,IF(OR(M$140=0,M$1<$G25,M$1>$H25+6),0,_xlfn.LET(_xlpm.k,COUNTIFS($J$1:M$1,">="&$G25,$J$140:M$140,">0"),_xlpm.n,$I25,M$140*IF($C25="Bell",EXP(-0.5*((_xlpm.k-(_xlpm.n+1)/2)/MAX(_xlpm.n/6,0.5))^2),IF(_xlpm.n<=6,1,MIN(1,_xlpm.k/3,(_xlpm.n-_xlpm.k+1)/3)))))) -> 0 | N25: =IF($I25=0,0,IF(OR(N$140=0,N$1<$G25,N$1>$H25+6),0,_xlfn.LET(_xlpm.k,COUNTIFS($J$1:N$1,">="&$G25,$J$140:N$140,">0"),_xlpm.n,$I25,N$140*IF($C25="Bell",EXP(-0.5*((_xlpm.k-(_xlpm.n+1)/2)/MAX(_xlpm.n/6,0.5))^2),IF(_xlpm.n<=6,1,MIN(1,_xlpm.k/3,(_xlpm.n-_xlpm.k+1)/3)))))) -> 0 | O25: =IF($I25=0,0,IF(OR(O$140=0,O$1<$G25,O$1>$H25+6),0,_xlfn.LET(_xlpm.k,COUNTIFS($J$1:O$1,">="&$G25,$J$140:O$140,">0"),_xlpm.n,$I25,O$140*IF($C25="Bell",EXP(-0.5*((_xlpm.k-(_xlpm.n+1)/2)/MAX(_xlpm.n/6,0.5))^2),IF(_xlpm.n<=6,1,MIN(1,_xlpm.k/3,(_xlpm.n-_xlpm.k+1)/3)))))) -> 0 | P25: =IF($I25=0,0,IF(OR(P$140=0,P$1<$G25,P$1>$H25+6),0,_xlfn.LET(_xlpm.k,COUNTIFS($J$1:P$1,">="&$G25,$J$140:P$140,">0"),_xlpm.n,$I25,P$140*IF($C25="Bell",EXP(-0.5*((_xlpm.k-(_xlpm.n+1)/2)/MAX(_xlpm.n/6,0.5))^2),IF(_xlpm.n<=6,1,MIN(1,_xlpm.k/3,(_xlpm.n-_xlpm.k+1)/3)))))) -> 0 | Q25: =IF($I25=0,0,IF(OR(Q$140=0,Q$1<$G25,Q$1>$H25+6),0,_xlfn.LET(_xlpm.k,COUNTIFS($J$1:Q$1,">="&$G25,$J$140:Q$140,">0"),_xlpm.n,$I25,Q$140*IF($C25="Bell",EXP(-0.5*((_xlpm.k-(_xlpm.n+1)/2)/MAX(_xlpm.n/6,0.5))^2),IF(_xlpm.n<=6,1,MIN(1,_xlpm.k/3,(_xlpm.n-_xlpm.k+1)/3)))))) -> 0 | ... GL25: =IF($I25=0,0,IF(OR(GL$140=0,GL$1<$G25,GL$1>$H25+6),0,_xlfn.LET(_xlpm.k,COUNTIFS($J$1:GL$1,">="&$G25,$J$140:GL$140,">0"),_xlpm.n,$I25,GL$140*IF($C25="Bell",EXP(-0.5*((_xlpm.k-(_xlpm.n+1)/2)/MAX(_xlpm.n/6,0.5))^2),IF(_xlpm.n<=6,1,MIN(1,_xlpm.k/3,(_xlpm.n-_xlpm.k+1)/3)))))) -> 0
A26: =Sheet1!B26 -> 0-4013-02 | B26: =Sheet1!D26 -> 0 | E26: =SUM(J26:GL26) -> 0 | G26: =IF(Sheet1!G26="","",Sheet1!G26) | H26: =IF(Sheet1!H26="","",Sheet1!H26) | I26: =IF(OR(G26="",H26=""),0,COUNTIFS($J$1:$GL$1,">="&G26,$J$1:$GL$1,"<="&H26+6,$J$140:$GL$140,">0")) -> 0 | J26: =IF($I26=0,0,IF(OR(J$140=0,J$1<$G26,J$1>$H26+6),0,_xlfn.LET(_xlpm.k,COUNTIFS($J$1:J$1,">="&$G26,$J$140:J$140,">0"),_xlpm.n,$I26,J$140*IF($C26="Bell",EXP(-0.5*((_xlpm.k-(_xlpm.n+1)/2)/MAX(_xlpm.n/6,0.5))^2),IF(_xlpm.n<=6,1,MIN(1,_xlpm.k/3,(_xlpm.n-_xlpm.k+1)/3)))))) -> 0 | K26: =IF($I26=0,0,IF(OR(K$140=0,K$1<$G26,K$1>$H26+6),0,_xlfn.LET(_xlpm.k,COUNTIFS($J$1:K$1,">="&$G26,$J$140:K$140,">0"),_xlpm.n,$I26,K$140*IF($C26="Bell",EXP(-0.5*((_xlpm.k-(_xlpm.n+1)/2)/MAX(_xlpm.n/6,0.5))^2),IF(_xlpm.n<=6,1,MIN(1,_xlpm.k/3,(_xlpm.n-_xlpm.k+1)/3)))))) -> 0 | L26: =IF($I26=0,0,IF(OR(L$140=0,L$1<$G26,L$1>$H26+6),0,_xlfn.LET(_xlpm.k,COUNTIFS($J$1:L$1,">="&$G26,$J$140:L$140,">0"),_xlpm.n,$I26,L$140*IF($C26="Bell",EXP(-0.5*((_xlpm.k-(_xlpm.n+1)/2)/MAX(_xlpm.n/6,0.5))^2),IF(_xlpm.n<=6,1,MIN(1,_xlpm.k/3,(_xlpm.n-_xlpm.k+1)/3)))))) -> 0 | M26: =IF($I26=0,0,IF(OR(M$140=0,M$1<$G26,M$1>$H26+6),0,_xlfn.LET(_xlpm.k,COUNTIFS($J$1:M$1,">="&$G26,$J$140:M$140,">0"),_xlpm.n,$I26,M$140*IF($C26="Bell",EXP(-0.5*((_xlpm.k-(_xlpm.n+1)/2)/MAX(_xlpm.n/6,0.5))^2),IF(_xlpm.n<=6,1,MIN(1,_xlpm.k/3,(_xlpm.n-_xlpm.k+1)/3)))))) -> 0 | N26: =IF($I26=0,0,IF(OR(N$140=0,N$1<$G26,N$1>$H26+6),0,_xlfn.LET(_xlpm.k,COUNTIFS($J$1:N$1,">="&$G26,$J$140:N$140,">0"),_xlpm.n,$I26,N$140*IF($C26="Bell",EXP(-0.5*((_xlpm.k-(_xlpm.n+1)/2)/MAX(_xlpm.n/6,0.5))^2),IF(_xlpm.n<=6,1,MIN(1,_xlpm.k/3,(_xlpm.n-_xlpm.k+1)/3)))))) -> 0 | O26: =IF($I26=0,0,IF(OR(O$140=0,O$1<$G26,O$1>$H26+6),0,_xlfn.LET(_xlpm.k,COUNTIFS($J$1:O$1,">="&$G26,$J$140:O$140,">0"),_xlpm.n,$I26,O$140*IF($C26="Bell",EXP(-0.5*((_xlpm.k-(_xlpm.n+1)/2)/MAX(_xlpm.n/6,0.5))^2),IF(_xlpm.n<=6,1,MIN(1,_xlpm.k/3,(_xlpm.n-_xlpm.k+1)/3)))))) -> 0 | P26: =IF($I26=0,0,IF(OR(P$140=0,P$1<$G26,P$1>$H26+6),0,_xlfn.LET(_xlpm.k,COUNTIFS($J$1:P$1,">="&$G26,$J$140:P$140,">0"),_xlpm.n,$I26,P$140*IF($C26="Bell",EXP(-0.5*((_xlpm.k-(_xlpm.n+1)/2)/MAX(_xlpm.n/6,0.5))^2),IF(_xlpm.n<=6,1,MIN(1,_xlpm.k/3,(_xlpm.n-_xlpm.k+1)/3)))))) -> 0 | Q26: =IF($I26=0,0,IF(OR(Q$140=0,Q$1<$G26,Q$1>$H26+6),0,_xlfn.LET(_xlpm.k,COUNTIFS($J$1:Q$1,">="&$G26,$J$140:Q$140,">0"),_xlpm.n,$I26,Q$140*IF($C26="Bell",EXP(-0.5*((_xlpm.k-(_xlpm.n+1)/2)/MAX(_xlpm.n/6,0.5))^2),IF(_xlpm.n<=6,1,MIN(1,_xlpm.k/3,(_xlpm.n-_xlpm.k+1)/3)))))) -> 0 | ... GL26: =IF($I26=0,0,IF(OR(GL$140=0,GL$1<$G26,GL$1>$H26+6),0,_xlfn.LET(_xlpm.k,COUNTIFS($J$1:GL$1,">="&$G26,$J$140:GL$140,">0"),_xlpm.n,$I26,GL$140*IF($C26="Bell",EXP(-0.5*((_xlpm.k-(_xlpm.n+1)/2)/MAX(_xlpm.n/6,0.5))^2),IF(_xlpm.n<=6,1,MIN(1,_xlpm.k/3,(_xlpm.n-_xlpm.k+1)/3)))))) -> 0
A27: =Sheet1!B27 -> 0-4015 | B27: =Sheet1!D27 -> 0-4015-Survey | E27: =SUM(J27:GL27) -> 25.8 | G27: =IF(Sheet1!G27="","",Sheet1!G27) -> 46328 | H27: =IF(Sheet1!H27="","",Sheet1!H27) -> 46531 | I27: =IF(OR(G27="",H27=""),0,COUNTIFS($J$1:$GL$1,">="&G27,$J$1:$GL$1,"<="&H27+6,$J$140:$GL$140,">0")) -> 28 | J27: =IF($I27=0,0,IF(OR(J$140=0,J$1<$G27,J$1>$H27+6),0,_xlfn.LET(_xlpm.k,COUNTIFS($J$1:J$1,">="&$G27,$J$140:J$140,">0"),_xlpm.n,$I27,J$140*IF($C27="Bell",EXP(-0.5*((_xlpm.k-(_xlpm.n+1)/2)/MAX(_xlpm.n/6,0.5))^2),IF(_xlpm.n<=6,1,MIN(1,_xlpm.k/3,(_xlpm.n-_xlpm.k+1)/3)))))) -> 0 | K27: =IF($I27=0,0,IF(OR(K$140=0,K$1<$G27,K$1>$H27+6),0,_xlfn.LET(_xlpm.k,COUNTIFS($J$1:K$1,">="&$G27,$J$140:K$140,">0"),_xlpm.n,$I27,K$140*IF($C27="Bell",EXP(-0.5*((_xlpm.k-(_xlpm.n+1)/2)/MAX(_xlpm.n/6,0.5))^2),IF(_xlpm.n<=6,1,MIN(1,_xlpm.k/3,(_xlpm.n-_xlpm.k+1)/3)))))) -> 0 | L27: =IF($I27=0,0,IF(OR(L$140=0,L$1<$G27,L$1>$H27+6),0,_xlfn.LET(_xlpm.k,COUNTIFS($J$1:L$1,">="&$G27,$J$140:L$140,">0"),_xlpm.n,$I27,L$140*IF($C27="Bell",EXP(-0.5*((_xlpm.k-(_xlpm.n+1)/2)/MAX(_xlpm.n/6,0.5))^2),IF(_xlpm.n<=6,1,MIN(1,_xlpm.k/3,(_xlpm.n-_xlpm.k+1)/3)))))) -> 0 | M27: =IF($I27=0,0,IF(OR(M$140=0,M$1<$G27,M$1>$H27+6),0,_xlfn.LET(_xlpm.k,COUNTIFS($J$1:M$1,">="&$G27,$J$140:M$140,">0"),_xlpm.n,$I27,M$140*IF($C27="Bell",EXP(-0.5*((_xlpm.k-(_xlpm.n+1)/2)/MAX(_xlpm.n/6,0.5))^2),IF(_xlpm.n<=6,1,MIN(1,_xlpm.k/3,(_xlpm.n-_xlpm.k+1)/3)))))) -> 0 | N27: =IF($I27=0,0,IF(OR(N$140=0,N$1<$G27,N$1>$H27+6),0,_xlfn.LET(_xlpm.k,COUNTIFS($J$1:N$1,">="&$G27,$J$140:N$140,">0"),_xlpm.n,$I27,N$140*IF($C27="Bell",EXP(-0.5*((_xlpm.k-(_xlpm.n+1)/2)/MAX(_xlpm.n/6,0.5))^2),IF(_xlpm.n<=6,1,MIN(1,_xlpm.k/3,(_xlpm.n-_xlpm.k+1)/3)))))) -> 0 | O27: =IF($I27=0,0,IF(OR(O$140=0,O$1<$G27,O$1>$H27+6),0,_xlfn.LET(_xlpm.k,COUNTIFS($J$1:O$1,">="&$G27,$J$140:O$140,">0"),_xlpm.n,$I27,O$140*IF($C27="Bell",EXP(-0.5*((_xlpm.k-(_xlpm.n+1)/2)/MAX(_xlpm.n/6,0.5))^2),IF(_xlpm.n<=6,1,MIN(1,_xlpm.k/3,(_xlpm.n-_xlpm.k+1)/3)))))) -> 0 | P27: =IF($I27=0,0,IF(OR(P$140=0,P$1<$G27,P$1>$H27+6),0,_xlfn.LET(_xlpm.k,COUNTIFS($J$1:P$1,">="&$G27,$J$140:P$140,">0"),_xlpm.n,$I27,P$140*IF($C27="Bell",EXP(-0.5*((_xlpm.k-(_xlpm.n+1)/2)/MAX(_xlpm.n/6,0.5))^2),IF(_xlpm.n<=6,1,MIN(1,_xlpm.k/3,(_xlpm.n-_xlpm.k+1)/3)))))) -> 0 | Q27: =IF($I27=0,0,IF(OR(Q$140=0,Q$1<$G27,Q$1>$H27+6),0,_xlfn.LET(_xlpm.k,COUNTIFS($J$1:Q$1,">="&$G27,$J$140:Q$140,">0"),_xlpm.n,$I27,Q$140*IF($C27="Bell",EXP(-0.5*((_xlpm.k-(_xlpm.n+1)/2)/MAX(_xlpm.n/6,0.5))^2),IF(_xlpm.n<=6,1,MIN(1,_xlpm.k/3,(_xlpm.n-_xlpm.k+1)/3)))))) -> 0 | ... GL27: =IF($I27=0,0,IF(OR(GL$140=0,GL$1<$G27,GL$1>$H27+6),0,_xlfn.LET(_xlpm.k,COUNTIFS($J$1:GL$1,">="&$G27,$J$140:GL$140,">0"),_xlpm.n,$I27,GL$140*IF($C27="Bell",EXP(-0.5*((_xlpm.k-(_xlpm.n+1)/2)/MAX(_xlpm.n/6,0.5))^2),IF(_xlpm.n<=6,1,MIN(1,_xlpm.k/3,(_xlpm.n-_xlpm.k+1)/3)))))) -> 0
A28: =Sheet1!B28 -> 0-4015-01 | B28: =Sheet1!D28 -> 0-4015-01-Civil Survey | E28: =SUM(J28:GL28) -> 4 | G28: =IF(Sheet1!G28="","",Sheet1!G28) -> 46301 | H28: =IF(Sheet1!H28="","",Sheet1!H28) -> 46326 | I28: =IF(OR(G28="",H28=""),0,COUNTIFS($J$1:$GL$1,">="&G28,$J$1:$GL$1,"<="&H28+6,$J$140:$GL$140,">0")) -> 4 | J28: =IF($I28=0,0,IF(OR(J$140=0,J$1<$G28,J$1>$H28+6),0,_xlfn.LET(_xlpm.k,COUNTIFS($J$1:J$1,">="&$G28,$J$140:J$140,">0"),_xlpm.n,$I28,J$140*IF($C28="Bell",EXP(-0.5*((_xlpm.k-(_xlpm.n+1)/2)/MAX(_xlpm.n/6,0.5))^2),IF(_xlpm.n<=6,1,MIN(1,_xlpm.k/3,(_xlpm.n-_xlpm.k+1)/3)))))) -> 0 | K28: =IF($I28=0,0,IF(OR(K$140=0,K$1<$G28,K$1>$H28+6),0,_xlfn.LET(_xlpm.k,COUNTIFS($J$1:K$1,">="&$G28,$J$140:K$140,">0"),_xlpm.n,$I28,K$140*IF($C28="Bell",EXP(-0.5*((_xlpm.k-(_xlpm.n+1)/2)/MAX(_xlpm.n/6,0.5))^2),IF(_xlpm.n<=6,1,MIN(1,_xlpm.k/3,(_xlpm.n-_xlpm.k+1)/3)))))) -> 0 | L28: =IF($I28=0,0,IF(OR(L$140=0,L$1<$G28,L$1>$H28+6),0,_xlfn.LET(_xlpm.k,COUNTIFS($J$1:L$1,">="&$G28,$J$140:L$140,">0"),_xlpm.n,$I28,L$140*IF($C28="Bell",EXP(-0.5*((_xlpm.k-(_xlpm.n+1)/2)/MAX(_xlpm.n/6,0.5))^2),IF(_xlpm.n<=6,1,MIN(1,_xlpm.k/3,(_xlpm.n-_xlpm.k+1)/3)))))) -> 0 | M28: =IF($I28=0,0,IF(OR(M$140=0,M$1<$G28,M$1>$H28+6),0,_xlfn.LET(_xlpm.k,COUNTIFS($J$1:M$1,">="&$G28,$J$140:M$140,">0"),_xlpm.n,$I28,M$140*IF($C28="Bell",EXP(-0.5*((_xlpm.k-(_xlpm.n+1)/2)/MAX(_xlpm.n/6,0.5))^2),IF(_xlpm.n<=6,1,MIN(1,_xlpm.k/3,(_xlpm.n-_xlpm.k+1)/3)))))) -> 0 | N28: =IF($I28=0,0,IF(OR(N$140=0,N$1<$G28,N$1>$H28+6),0,_xlfn.LET(_xlpm.k,COUNTIFS($J$1:N$1,">="&$G28,$J$140:N$140,">0"),_xlpm.n,$I28,N$140*IF($C28="Bell",EXP(-0.5*((_xlpm.k-(_xlpm.n+1)/2)/MAX(_xlpm.n/6,0.5))^2),IF(_xlpm.n<=6,1,MIN(1,_xlpm.k/3,(_xlpm.n-_xlpm.k+1)/3)))))) -> 0 | O28: =IF($I28=0,0,IF(OR(O$140=0,O$1<$G28,O$1>$H28+6),0,_xlfn.LET(_xlpm.k,COUNTIFS($J$1:O$1,">="&$G28,$J$140:O$140,">0"),_xlpm.n,$I28,O$140*IF($C28="Bell",EXP(-0.5*((_xlpm.k-(_xlpm.n+1)/2)/MAX(_xlpm.n/6,0.5))^2),IF(_xlpm.n<=6,1,MIN(1,_xlpm.k/3,(_xlpm.n-_xlpm.k+1)/3)))))) -> 0 | P28: =IF($I28=0,0,IF(OR(P$140=0,P$1<$G28,P$1>$H28+6),0,_xlfn.LET(_xlpm.k,COUNTIFS($J$1:P$1,">="&$G28,$J$140:P$140,">0"),_xlpm.n,$I28,P$140*IF($C28="Bell",EXP(-0.5*((_xlpm.k-(_xlpm.n+1)/2)/MAX(_xlpm.n/6,0.5))^2),IF(_xlpm.n<=6,1,MIN(1,_xlpm.k/3,(_xlpm.n-_xlpm.k+1)/3)))))) -> 0 | Q28: =IF($I28=0,0,IF(OR(Q$140=0,Q$1<$G28,Q$1>$H28+6),0,_xlfn.LET(_xlpm.k,COUNTIFS($J$1:Q$1,">="&$G28,$J$140:Q$140,">0"),_xlpm.n,$I28,Q$140*IF($C28="Bell",EXP(-0.5*((_xlpm.k-(_xlpm.n+1)/2)/MAX(_xlpm.n/6,0.5))^2),IF(_xlpm.n<=6,1,MIN(1,_xlpm.k/3,(_xlpm.n-_xlpm.k+1)/3)))))) -> 0 | ... GL28: =IF($I28=0,0,IF(OR(GL$140=0,GL$1<$G28,GL$1>$H28+6),0,_xlfn.LET(_xlpm.k,COUNTIFS($J$1:GL$1,">="&$G28,$J$140:GL$140,">0"),_xlpm.n,$I28,GL$140*IF($C28="Bell",EXP(-0.5*((_xlpm.k-(_xlpm.n+1)/2)/MAX(_xlpm.n/6,0.5))^2),IF(_xlpm.n<=6,1,MIN(1,_xlpm.k/3,(_xlpm.n-_xlpm.k+1)/3)))))) -> 0
A29: =Sheet1!B29 -> 0-4016 | B29: =Sheet1!D29 -> 0 | E29: =SUM(J29:GL29) -> 0 | G29: =IF(Sheet1!G29="","",Sheet1!G29) | H29: =IF(Sheet1!H29="","",Sheet1!H29) | I29: =IF(OR(G29="",H29=""),0,COUNTIFS($J$1:$GL$1,">="&G29,$J$1:$GL$1,"<="&H29+6,$J$140:$GL$140,">0")) -> 0 | J29: =IF($I29=0,0,IF(OR(J$140=0,J$1<$G29,J$1>$H29+6),0,_xlfn.LET(_xlpm.k,COUNTIFS($J$1:J$1,">="&$G29,$J$140:J$140,">0"),_xlpm.n,$I29,J$140*IF($C29="Bell",EXP(-0.5*((_xlpm.k-(_xlpm.n+1)/2)/MAX(_xlpm.n/6,0.5))^2),IF(_xlpm.n<=6,1,MIN(1,_xlpm.k/3,(_xlpm.n-_xlpm.k+1)/3)))))) -> 0 | K29: =IF($I29=0,0,IF(OR(K$140=0,K$1<$G29,K$1>$H29+6),0,_xlfn.LET(_xlpm.k,COUNTIFS($J$1:K$1,">="&$G29,$J$140:K$140,">0"),_xlpm.n,$I29,K$140*IF($C29="Bell",EXP(-0.5*((_xlpm.k-(_xlpm.n+1)/2)/MAX(_xlpm.n/6,0.5))^2),IF(_xlpm.n<=6,1,MIN(1,_xlpm.k/3,(_xlpm.n-_xlpm.k+1)/3)))))) -> 0 | L29: =IF($I29=0,0,IF(OR(L$140=0,L$1<$G29,L$1>$H29+6),0,_xlfn.LET(_xlpm.k,COUNTIFS($J$1:L$1,">="&$G29,$J$140:L$140,">0"),_xlpm.n,$I29,L$140*IF($C29="Bell",EXP(-0.5*((_xlpm.k-(_xlpm.n+1)/2)/MAX(_xlpm.n/6,0.5))^2),IF(_xlpm.n<=6,1,MIN(1,_xlpm.k/3,(_xlpm.n-_xlpm.k+1)/3)))))) -> 0 | M29: =IF($I29=0,0,IF(OR(M$140=0,M$1<$G29,M$1>$H29+6),0,_xlfn.LET(_xlpm.k,COUNTIFS($J$1:M$1,">="&$G29,$J$140:M$140,">0"),_xlpm.n,$I29,M$140*IF($C29="Bell",EXP(-0.5*((_xlpm.k-(_xlpm.n+1)/2)/MAX(_xlpm.n/6,0.5))^2),IF(_xlpm.n<=6,1,MIN(1,_xlpm.k/3,(_xlpm.n-_xlpm.k+1)/3)))))) -> 0 | N29: =IF($I29=0,0,IF(OR(N$140=0,N$1<$G29,N$1>$H29+6),0,_xlfn.LET(_xlpm.k,COUNTIFS($J$1:N$1,">="&$G29,$J$140:N$140,">0"),_xlpm.n,$I29,N$140*IF($C29="Bell",EXP(-0.5*((_xlpm.k-(_xlpm.n+1)/2)/MAX(_xlpm.n/6,0.5))^2),IF(_xlpm.n<=6,1,MIN(1,_xlpm.k/3,(_xlpm.n-_xlpm.k+1)/3)))))) -> 0 | O29: =IF($I29=0,0,IF(OR(O$140=0,O$1<$G29,O$1>$H29+6),0,_xlfn.LET(_xlpm.k,COUNTIFS($J$1:O$1,">="&$G29,$J$140:O$140,">0"),_xlpm.n,$I29,O$140*IF($C29="Bell",EXP(-0.5*((_xlpm.k-(_xlpm.n+1)/2)/MAX(_xlpm.n/6,0.5))^2),IF(_xlpm.n<=6,1,MIN(1,_xlpm.k/3,(_xlpm.n-_xlpm.k+1)/3)))))) -> 0 | P29: =IF($I29=0,0,IF(OR(P$140=0,P$1<$G29,P$1>$H29+6),0,_xlfn.LET(_xlpm.k,COUNTIFS($J$1:P$1,">="&$G29,$J$140:P$140,">0"),_xlpm.n,$I29,P$140*IF($C29="Bell",EXP(-0.5*((_xlpm.k-(_xlpm.n+1)/2)/MAX(_xlpm.n/6,0.5))^2),IF(_xlpm.n<=6,1,MIN(1,_xlpm.k/3,(_xlpm.n-_xlpm.k+1)/3)))))) -> 0 | Q29: =IF($I29=0,0,IF(OR(Q$140=0,Q$1<$G29,Q$1>$H29+6),0,_xlfn.LET(_xlpm.k,COUNTIFS($J$1:Q$1,">="&$G29,$J$140:Q$140,">0"),_xlpm.n,$I29,Q$140*IF($C29="Bell",EXP(-0.5*((_xlpm.k-(_xlpm.n+1)/2)/MAX(_xlpm.n/6,0.5))^2),IF(_xlpm.n<=6,1,MIN(1,_xlpm.k/3,(_xlpm.n-_xlpm.k+1)/3)))))) -> 0 | ... GL29: =IF($I29=0,0,IF(OR(GL$140=0,GL$1<$G29,GL$1>$H29+6),0,_xlfn.LET(_xlpm.k,COUNTIFS($J$1:GL$1,">="&$G29,$J$140:GL$140,">0"),_xlpm.n,$I29,GL$140*IF($C29="Bell",EXP(-0.5*((_xlpm.k-(_xlpm.n+1)/2)/MAX(_xlpm.n/6,0.5))^2),IF(_xlpm.n<=6,1,MIN(1,_xlpm.k/3,(_xlpm.n-_xlpm.k+1)/3)))))) -> 0
A30: =Sheet1!B30 -> 0-4018 | B30: =Sheet1!D30 -> 0 | E30: =SUM(J30:GL30) -> 0 | G30: =IF(Sheet1!G30="","",Sheet1!G30) | H30: =IF(Sheet1!H30="","",Sheet1!H30) | I30: =IF(OR(G30="",H30=""),0,COUNTIFS($J$1:$GL$1,">="&G30,$J$1:$GL$1,"<="&H30+6,$J$140:$GL$140,">0")) -> 0 | J30: =IF($I30=0,0,IF(OR(J$140=0,J$1<$G30,J$1>$H30+6),0,_xlfn.LET(_xlpm.k,COUNTIFS($J$1:J$1,">="&$G30,$J$140:J$140,">0"),_xlpm.n,$I30,J$140*IF($C30="Bell",EXP(-0.5*((_xlpm.k-(_xlpm.n+1)/2)/MAX(_xlpm.n/6,0.5))^2),IF(_xlpm.n<=6,1,MIN(1,_xlpm.k/3,(_xlpm.n-_xlpm.k+1)/3)))))) -> 0 | K30: =IF($I30=0,0,IF(OR(K$140=0,K$1<$G30,K$1>$H30+6),0,_xlfn.LET(_xlpm.k,COUNTIFS($J$1:K$1,">="&$G30,$J$140:K$140,">0"),_xlpm.n,$I30,K$140*IF($C30="Bell",EXP(-0.5*((_xlpm.k-(_xlpm.n+1)/2)/MAX(_xlpm.n/6,0.5))^2),IF(_xlpm.n<=6,1,MIN(1,_xlpm.k/3,(_xlpm.n-_xlpm.k+1)/3)))))) -> 0 | L30: =IF($I30=0,0,IF(OR(L$140=0,L$1<$G30,L$1>$H30+6),0,_xlfn.LET(_xlpm.k,COUNTIFS($J$1:L$1,">="&$G30,$J$140:L$140,">0"),_xlpm.n,$I30,L$140*IF($C30="Bell",EXP(-0.5*((_xlpm.k-(_xlpm.n+1)/2)/MAX(_xlpm.n/6,0.5))^2),IF(_xlpm.n<=6,1,MIN(1,_xlpm.k/3,(_xlpm.n-_xlpm.k+1)/3)))))) -> 0 | M30: =IF($I30=0,0,IF(OR(M$140=0,M$1<$G30,M$1>$H30+6),0,_xlfn.LET(_xlpm.k,COUNTIFS($J$1:M$1,">="&$G30,$J$140:M$140,">0"),_xlpm.n,$I30,M$140*IF($C30="Bell",EXP(-0.5*((_xlpm.k-(_xlpm.n+1)/2)/MAX(_xlpm.n/6,0.5))^2),IF(_xlpm.n<=6,1,MIN(1,_xlpm.k/3,(_xlpm.n-_xlpm.k+1)/3)))))) -> 0 | N30: =IF($I30=0,0,IF(OR(N$140=0,N$1<$G30,N$1>$H30+6),0,_xlfn.LET(_xlpm.k,COUNTIFS($J$1:N$1,">="&$G30,$J$140:N$140,">0"),_xlpm.n,$I30,N$140*IF($C30="Bell",EXP(-0.5*((_xlpm.k-(_xlpm.n+1)/2)/MAX(_xlpm.n/6,0.5))^2),IF(_xlpm.n<=6,1,MIN(1,_xlpm.k/3,(_xlpm.n-_xlpm.k+1)/3)))))) -> 0 | O30: =IF($I30=0,0,IF(OR(O$140=0,O$1<$G30,O$1>$H30+6),0,_xlfn.LET(_xlpm.k,COUNTIFS($J$1:O$1,">="&$G30,$J$140:O$140,">0"),_xlpm.n,$I30,O$140*IF($C30="Bell",EXP(-0.5*((_xlpm.k-(_xlpm.n+1)/2)/MAX(_xlpm.n/6,0.5))^2),IF(_xlpm.n<=6,1,MIN(1,_xlpm.k/3,(_xlpm.n-_xlpm.k+1)/3)))))) -> 0 | P30: =IF($I30=0,0,IF(OR(P$140=0,P$1<$G30,P$1>$H30+6),0,_xlfn.LET(_xlpm.k,COUNTIFS($J$1:P$1,">="&$G30,$J$140:P$140,">0"),_xlpm.n,$I30,P$140*IF($C30="Bell",EXP(-0.5*((_xlpm.k-(_xlpm.n+1)/2)/MAX(_xlpm.n/6,0.5))^2),IF(_xlpm.n<=6,1,MIN(1,_xlpm.k/3,(_xlpm.n-_xlpm.k+1)/3)))))) -> 0 | Q30: =IF($I30=0,0,IF(OR(Q$140=0,Q$1<$G30,Q$1>$H30+6),0,_xlfn.LET(_xlpm.k,COUNTIFS($J$1:Q$1,">="&$G30,$J$140:Q$140,">0"),_xlpm.n,$I30,Q$140*IF($C30="Bell",EXP(-0.5*((_xlpm.k-(_xlpm.n+1)/2)/MAX(_xlpm.n/6,0.5))^2),IF(_xlpm.n<=6,1,MIN(1,_xlpm.k/3,(_xlpm.n-_xlpm.k+1)/3)))))) -> 0 | ... GL30: =IF($I30=0,0,IF(OR(GL$140=0,GL$1<$G30,GL$1>$H30+6),0,_xlfn.LET(_xlpm.k,COUNTIFS($J$1:GL$1,">="&$G30,$J$140:GL$140,">0"),_xlpm.n,$I30,GL$140*IF($C30="Bell",EXP(-0.5*((_xlpm.k-(_xlpm.n+1)/2)/MAX(_xlpm.n/6,0.5))^2),IF(_xlpm.n<=6,1,MIN(1,_xlpm.k/3,(_xlpm.n-_xlpm.k+1)/3)))))) -> 0
A31: =Sheet1!B31 -> 0-4024 | B31: =Sheet1!D31 -> 0 | E31: =SUM(J31:GL31) -> 0 | G31: =IF(Sheet1!G31="","",Sheet1!G31) | H31: =IF(Sheet1!H31="","",Sheet1!H31) | I31: =IF(OR(G31="",H31=""),0,COUNTIFS($J$1:$GL$1,">="&G31,$J$1:$GL$1,"<="&H31+6,$J$140:$GL$140,">0")) -> 0 | J31: =IF($I31=0,0,IF(OR(J$140=0,J$1<$G31,J$1>$H31+6),0,_xlfn.LET(_xlpm.k,COUNTIFS($J$1:J$1,">="&$G31,$J$140:J$140,">0"),_xlpm.n,$I31,J$140*IF($C31="Bell",EXP(-0.5*((_xlpm.k-(_xlpm.n+1)/2)/MAX(_xlpm.n/6,0.5))^2),IF(_xlpm.n<=6,1,MIN(1,_xlpm.k/3,(_xlpm.n-_xlpm.k+1)/3)))))) -> 0 | K31: =IF($I31=0,0,IF(OR(K$140=0,K$1<$G31,K$1>$H31+6),0,_xlfn.LET(_xlpm.k,COUNTIFS($J$1:K$1,">="&$G31,$J$140:K$140,">0"),_xlpm.n,$I31,K$140*IF($C31="Bell",EXP(-0.5*((_xlpm.k-(_xlpm.n+1)/2)/MAX(_xlpm.n/6,0.5))^2),IF(_xlpm.n<=6,1,MIN(1,_xlpm.k/3,(_xlpm.n-_xlpm.k+1)/3)))))) -> 0 | L31: =IF($I31=0,0,IF(OR(L$140=0,L$1<$G31,L$1>$H31+6),0,_xlfn.LET(_xlpm.k,COUNTIFS($J$1:L$1,">="&$G31,$J$140:L$140,">0"),_xlpm.n,$I31,L$140*IF($C31="Bell",EXP(-0.5*((_xlpm.k-(_xlpm.n+1)/2)/MAX(_xlpm.n/6,0.5))^2),IF(_xlpm.n<=6,1,MIN(1,_xlpm.k/3,(_xlpm.n-_xlpm.k+1)/3)))))) -> 0 | M31: =IF($I31=0,0,IF(OR(M$140=0,M$1<$G31,M$1>$H31+6),0,_xlfn.LET(_xlpm.k,COUNTIFS($J$1:M$1,">="&$G31,$J$140:M$140,">0"),_xlpm.n,$I31,M$140*IF($C31="Bell",EXP(-0.5*((_xlpm.k-(_xlpm.n+1)/2)/MAX(_xlpm.n/6,0.5))^2),IF(_xlpm.n<=6,1,MIN(1,_xlpm.k/3,(_xlpm.n-_xlpm.k+1)/3)))))) -> 0 | N31: =IF($I31=0,0,IF(OR(N$140=0,N$1<$G31,N$1>$H31+6),0,_xlfn.LET(_xlpm.k,COUNTIFS($J$1:N$1,">="&$G31,$J$140:N$140,">0"),_xlpm.n,$I31,N$140*IF($C31="Bell",EXP(-0.5*((_xlpm.k-(_xlpm.n+1)/2)/MAX(_xlpm.n/6,0.5))^2),IF(_xlpm.n<=6,1,MIN(1,_xlpm.k/3,(_xlpm.n-_xlpm.k+1)/3)))))) -> 0 | O31: =IF($I31=0,0,IF(OR(O$140=0,O$1<$G31,O$1>$H31+6),0,_xlfn.LET(_xlpm.k,COUNTIFS($J$1:O$1,">="&$G31,$J$140:O$140,">0"),_xlpm.n,$I31,O$140*IF($C31="Bell",EXP(-0.5*((_xlpm.k-(_xlpm.n+1)/2)/MAX(_xlpm.n/6,0.5))^2),IF(_xlpm.n<=6,1,MIN(1,_xlpm.k/3,(_xlpm.n-_xlpm.k+1)/3)))))) -> 0 | P31: =IF($I31=0,0,IF(OR(P$140=0,P$1<$G31,P$1>$H31+6),0,_xlfn.LET(_xlpm.k,COUNTIFS($J$1:P$1,">="&$G31,$J$140:P$140,">0"),_xlpm.n,$I31,P$140*IF($C31="Bell",EXP(-0.5*((_xlpm.k-(_xlpm.n+1)/2)/MAX(_xlpm.n/6,0.5))^2),IF(_xlpm.n<=6,1,MIN(1,_xlpm.k/3,(_xlpm.n-_xlpm.k+1)/3)))))) -> 0 | Q31: =IF($I31=0,0,IF(OR(Q$140=0,Q$1<$G31,Q$1>$H31+6),0,_xlfn.LET(_xlpm.k,COUNTIFS($J$1:Q$1,">="&$G31,$J$140:Q$140,">0"),_xlpm.n,$I31,Q$140*IF($C31="Bell",EXP(-0.5*((_xlpm.k-(_xlpm.n+1)/2)/MAX(_xlpm.n/6,0.5))^2),IF(_xlpm.n<=6,1,MIN(1,_xlpm.k/3,(_xlpm.n-_xlpm.k+1)/3)))))) -> 0 | ... GL31: =IF($I31=0,0,IF(OR(GL$140=0,GL$1<$G31,GL$1>$H31+6),0,_xlfn.LET(_xlpm.k,COUNTIFS($J$1:GL$1,">="&$G31,$J$140:GL$140,">0"),_xlpm.n,$I31,GL$140*IF($C31="Bell",EXP(-0.5*((_xlpm.k-(_xlpm.n+1)/2)/MAX(_xlpm.n/6,0.5))^2),IF(_xlpm.n<=6,1,MIN(1,_xlpm.k/3,(_xlpm.n-_xlpm.k+1)/3)))))) -> 0
... A33: =Sheet1!B33 -> 0-4031 | B33: =Sheet1!D33 -> 0-4031-Hire-In and Orientation | E33: =SUM(J33:GL33) -> 25.8 | G33: =IF(Sheet1!G33="","",Sheet1!G33) -> 46328 | H33: =IF(Sheet1!H33="","",Sheet1!H33) -> 46531 | I33: =IF(OR(G33="",H33=""),0,COUNTIFS($J$1:$GL$1,">="&G33,$J$1:$GL$1,"<="&H33+6,$J$140:$GL$140,">0")) -> 28 | J33: =IF($I33=0,0,IF(OR(J$140=0,J$1<$G33,J$1>$H33+6),0,_xlfn.LET(_xlpm.k,COUNTIFS($J$1:J$1,">="&$G33,$J$140:J$140,">0"),_xlpm.n,$I33,J$140*IF($C33="Bell",EXP(-0.5*((_xlpm.k-(_xlpm.n+1)/2)/MAX(_xlpm.n/6,0.5))^2),IF(_xlpm.n<=6,1,MIN(1,_xlpm.k/3,(_xlpm.n-_xlpm.k+1)/3)))))) -> 0 | K33: =IF($I33=0,0,IF(OR(K$140=0,K$1<$G33,K$1>$H33+6),0,_xlfn.LET(_xlpm.k,COUNTIFS($J$1:K$1,">="&$G33,$J$140:K$140,">0"),_xlpm.n,$I33,K$140*IF($C33="Bell",EXP(-0.5*((_xlpm.k-(_xlpm.n+1)/2)/MAX(_xlpm.n/6,0.5))^2),IF(_xlpm.n<=6,1,MIN(1,_xlpm.k/3,(_xlpm.n-_xlpm.k+1)/3)))))) -> 0 | L33: =IF($I33=0,0,IF(OR(L$140=0,L$1<$G33,L$1>$H33+6),0,_xlfn.LET(_xlpm.k,COUNTIFS($J$1:L$1,">="&$G33,$J$140:L$140,">0"),_xlpm.n,$I33,L$140*IF($C33="Bell",EXP(-0.5*((_xlpm.k-(_xlpm.n+1)/2)/MAX(_xlpm.n/6,0.5))^2),IF(_xlpm.n<=6,1,MIN(1,_xlpm.k/3,(_xlpm.n-_xlpm.k+1)/3)))))) -> 0 | M33: =IF($I33=0,0,IF(OR(M$140=0,M$1<$G33,M$1>$H33+6),0,_xlfn.LET(_xlpm.k,COUNTIFS($J$1:M$1,">="&$G33,$J$140:M$140,">0"),_xlpm.n,$I33,M$140*IF($C33="Bell",EXP(-0.5*((_xlpm.k-(_xlpm.n+1)/2)/MAX(_xlpm.n/6,0.5))^2),IF(_xlpm.n<=6,1,MIN(1,_xlpm.k/3,(_xlpm.n-_xlpm.k+1)/3)))))) -> 0 | N33: =IF($I33=0,0,IF(OR(N$140=0,N$1<$G33,N$1>$H33+6),0,_xlfn.LET(_xlpm.k,COUNTIFS($J$1:N$1,">="&$G33,$J$140:N$140,">0"),_xlpm.n,$I33,N$140*IF($C33="Bell",EXP(-0.5*((_xlpm.k-(_xlpm.n+1)/2)/MAX(_xlpm.n/6,0.5))^2),IF(_xlpm.n<=6,1,MIN(1,_xlpm.k/3,(_xlpm.n-_xlpm.k+1)/3)))))) -> 0 | O33: =IF($I33=0,0,IF(OR(O$140=0,O$1<$G33,O$1>$H33+6),0,_xlfn.LET(_xlpm.k,COUNTIFS($J$1:O$1,">="&$G33,$J$140:O$140,">0"),_xlpm.n,$I33,O$140*IF($C33="Bell",EXP(-0.5*((_xlpm.k-(_xlpm.n+1)/2)/MAX(_xlpm.n/6,0.5))^2),IF(_xlpm.n<=6,1,MIN(1,_xlpm.k/3,(_xlpm.n-_xlpm.k+1)/3)))))) -> 0 | P33: =IF($I33=0,0,IF(OR(P$140=0,P$1<$G33,P$1>$H33+6),0,_xlfn.LET(_xlpm.k,COUNTIFS($J$1:P$1,">="&$G33,$J$140:P$140,">0"),_xlpm.n,$I33,P$140*IF($C33="Bell",EXP(-0.5*((_xlpm.k-(_xlpm.n+1)/2)/MAX(_xlpm.n/6,0.5))^2),IF(_xlpm.n<=6,1,MIN(1,_xlpm.k/3,(_xlpm.n-_xlpm.k+1)/3)))))) -> 0 | Q33: =IF($I33=0,0,IF(OR(Q$140=0,Q$1<$G33,Q$1>$H33+6),0,_xlfn.LET(_xlpm.k,COUNTIFS($J$1:Q$1,">="&$G33,$J$140:Q$140,">0"),_xlpm.n,$I33,Q$140*IF($C33="Bell",EXP(-0.5*((_xlpm.k-(_xlpm.n+1)/2)/MAX(_xlpm.n/6,0.5))^2),IF(_xlpm.n<=6,1,MIN(1,_xlpm.k/3,(_xlpm.n-_xlpm.k+1)/3)))))) -> 0 | ... GL33: =IF($I33=0,0,IF(OR(GL$140=0,GL$1<$G33,GL$1>$H33+6),0,_xlfn.LET(_xlpm.k,COUNTIFS($J$1:GL$1,">="&$G33,$J$140:GL$140,">0"),_xlpm.n,$I33,GL$140*IF($C33="Bell",EXP(-0.5*((_xlpm.k-(_xlpm.n+1)/2)/MAX(_xlpm.n/6,0.5))^2),IF(_xlpm.n<=6,1,MIN(1,_xlpm.k/3,(_xlpm.n-_xlpm.k+1)/3)))))) -> 0
A34: =Sheet1!B34 -> 0-4115 | B34: =Sheet1!D34 -> 0-4115-Clean Up | C34: Bell | E34: =SUM(J34:GL34) -> 6.0975659 | G34: =IF(Sheet1!G34="","",Sheet1!G34) -> 46540 | H34: =IF(Sheet1!H34="","",Sheet1!H34) -> 46637 | I34: =IF(OR(G34="",H34=""),0,COUNTIFS($J$1:$GL$1,">="&G34,$J$1:$GL$1,"<="&H34+6,$J$140:$GL$140,">0")) -> 15 | J34: =IF($I34=0,0,IF(OR(J$140=0,J$1<$G34,J$1>$H34+6),0,_xlfn.LET(_xlpm.k,COUNTIFS($J$1:J$1,">="&$G34,$J$140:J$140,">0"),_xlpm.n,$I34,J$140*IF($C34="Bell",EXP(-0.5*((_xlpm.k-(_xlpm.n+1)/2)/MAX(_xlpm.n/6,0.5))^2),IF(_xlpm.n<=6,1,MIN(1,_xlpm.k/3,(_xlpm.n-_xlpm.k+1)/3)))))) -> 0 | K34: =IF($I34=0,0,IF(OR(K$140=0,K$1<$G34,K$1>$H34+6),0,_xlfn.LET(_xlpm.k,COUNTIFS($J$1:K$1,">="&$G34,$J$140:K$140,">0"),_xlpm.n,$I34,K$140*IF($C34="Bell",EXP(-0.5*((_xlpm.k-(_xlpm.n+1)/2)/MAX(_xlpm.n/6,0.5))^2),IF(_xlpm.n<=6,1,MIN(1,_xlpm.k/3,(_xlpm.n-_xlpm.k+1)/3)))))) -> 0 | L34: =IF($I34=0,0,IF(OR(L$140=0,L$1<$G34,L$1>$H34+6),0,_xlfn.LET(_xlpm.k,COUNTIFS($J$1:L$1,">="&$G34,$J$140:L$140,">0"),_xlpm.n,$I34,L$140*IF($C34="Bell",EXP(-0.5*((_xlpm.k-(_xlpm.n+1)/2)/MAX(_xlpm.n/6,0.5))^2),IF(_xlpm.n<=6,1,MIN(1,_xlpm.k/3,(_xlpm.n-_xlpm.k+1)/3)))))) -> 0 | M34: =IF($I34=0,0,IF(OR(M$140=0,M$1<$G34,M$1>$H34+6),0,_xlfn.LET(_xlpm.k,COUNTIFS($J$1:M$1,">="&$G34,$J$140:M$140,">0"),_xlpm.n,$I34,M$140*IF($C34="Bell",EXP(-0.5*((_xlpm.k-(_xlpm.n+1)/2)/MAX(_xlpm.n/6,0.5))^2),IF(_xlpm.n<=6,1,MIN(1,_xlpm.k/3,(_xlpm.n-_xlpm.k+1)/3)))))) -> 0 | N34: =IF($I34=0,0,IF(OR(N$140=0,N$1<$G34,N$1>$H34+6),0,_xlfn.LET(_xlpm.k,COUNTIFS($J$1:N$1,">="&$G34,$J$140:N$140,">0"),_xlpm.n,$I34,N$140*IF($C34="Bell",EXP(-0.5*((_xlpm.k-(_xlpm.n+1)/2)/MAX(_xlpm.n/6,0.5))^2),IF(_xlpm.n<=6,1,MIN(1,_xlpm.k/3,(_xlpm.n-_xlpm.k+1)/3)))))) -> 0 | O34: =IF($I34=0,0,IF(OR(O$140=0,O$1<$G34,O$1>$H34+6),0,_xlfn.LET(_xlpm.k,COUNTIFS($J$1:O$1,">="&$G34,$J$140:O$140,">0"),_xlpm.n,$I34,O$140*IF($C34="Bell",EXP(-0.5*((_xlpm.k-(_xlpm.n+1)/2)/MAX(_xlpm.n/6,0.5))^2),IF(_xlpm.n<=6,1,MIN(1,_xlpm.k/3,(_xlpm.n-_xlpm.k+1)/3)))))) -> 0 | P34: =IF($I34=0,0,IF(OR(P$140=0,P$1<$G34,P$1>$H34+6),0,_xlfn.LET(_xlpm.k,COUNTIFS($J$1:P$1,">="&$G34,$J$140:P$140,">0"),_xlpm.n,$I34,P$140*IF($C34="Bell",EXP(-0.5*((_xlpm.k-(_xlpm.n+1)/2)/MAX(_xlpm.n/6,0.5))^2),IF(_xlpm.n<=6,1,MIN(1,_xlpm.k/3,(_xlpm.n-_xlpm.k+1)/3)))))) -> 0 | Q34: =IF($I34=0,0,IF(OR(Q$140=0,Q$1<$G34,Q$1>$H34+6),0,_xlfn.LET(_xlpm.k,COUNTIFS($J$1:Q$1,">="&$G34,$J$140:Q$140,">0"),_xlpm.n,$I34,Q$140*IF($C34="Bell",EXP(-0.5*((_xlpm.k-(_xlpm.n+1)/2)/MAX(_xlpm.n/6,0.5))^2),IF(_xlpm.n<=6,1,MIN(1,_xlpm.k/3,(_xlpm.n-_xlpm.k+1)/3)))))) -> 0 | ... GL34: =IF($I34=0,0,IF(OR(GL$140=0,GL$1<$G34,GL$1>$H34+6),0,_xlfn.LET(_xlpm.k,COUNTIFS($J$1:GL$1,">="&$G34,$J$140:GL$140,">0"),_xlpm.n,$I34,GL$140*IF($C34="Bell",EXP(-0.5*((_xlpm.k-(_xlpm.n+1)/2)/MAX(_xlpm.n/6,0.5))^2),IF(_xlpm.n<=6,1,MIN(1,_xlpm.k/3,(_xlpm.n-_xlpm.k+1)/3)))))) -> 0
A35: =Sheet1!B35 -> 0-4115-01 | B35: =Sheet1!D35 -> 0-4115-01-Civil Cleanup | C35: Bell | E35: =SUM(J35:GL35) -> 6.0975659 | G35: =IF(Sheet1!G35="","",Sheet1!G35) -> 46540 | H35: =IF(Sheet1!H35="","",Sheet1!H35) -> 46637 | I35: =IF(OR(G35="",H35=""),0,COUNTIFS($J$1:$GL$1,">="&G35,$J$1:$GL$1,"<="&H35+6,$J$140:$GL$140,">0")) -> 15 | J35: =IF($I35=0,0,IF(OR(J$140=0,J$1<$G35,J$1>$H35+6),0,_xlfn.LET(_xlpm.k,COUNTIFS($J$1:J$1,">="&$G35,$J$140:J$140,">0"),_xlpm.n,$I35,J$140*IF($C35="Bell",EXP(-0.5*((_xlpm.k-(_xlpm.n+1)/2)/MAX(_xlpm.n/6,0.5))^2),IF(_xlpm.n<=6,1,MIN(1,_xlpm.k/3,(_xlpm.n-_xlpm.k+1)/3)))))) -> 0 | K35: =IF($I35=0,0,IF(OR(K$140=0,K$1<$G35,K$1>$H35+6),0,_xlfn.LET(_xlpm.k,COUNTIFS($J$1:K$1,">="&$G35,$J$140:K$140,">0"),_xlpm.n,$I35,K$140*IF($C35="Bell",EXP(-0.5*((_xlpm.k-(_xlpm.n+1)/2)/MAX(_xlpm.n/6,0.5))^2),IF(_xlpm.n<=6,1,MIN(1,_xlpm.k/3,(_xlpm.n-_xlpm.k+1)/3)))))) -> 0 | L35: =IF($I35=0,0,IF(OR(L$140=0,L$1<$G35,L$1>$H35+6),0,_xlfn.LET(_xlpm.k,COUNTIFS($J$1:L$1,">="&$G35,$J$140:L$140,">0"),_xlpm.n,$I35,L$140*IF($C35="Bell",EXP(-0.5*((_xlpm.k-(_xlpm.n+1)/2)/MAX(_xlpm.n/6,0.5))^2),IF(_xlpm.n<=6,1,MIN(1,_xlpm.k/3,(_xlpm.n-_xlpm.k+1)/3)))))) -> 0 | M35: =IF($I35=0,0,IF(OR(M$140=0,M$1<$G35,M$1>$H35+6),0,_xlfn.LET(_xlpm.k,COUNTIFS($J$1:M$1,">="&$G35,$J$140:M$140,">0"),_xlpm.n,$I35,M$140*IF($C35="Bell",EXP(-0.5*((_xlpm.k-(_xlpm.n+1)/2)/MAX(_xlpm.n/6,0.5))^2),IF(_xlpm.n<=6,1,MIN(1,_xlpm.k/3,(_xlpm.n-_xlpm.k+1)/3)))))) -> 0 | N35: =IF($I35=0,0,IF(OR(N$140=0,N$1<$G35,N$1>$H35+6),0,_xlfn.LET(_xlpm.k,COUNTIFS($J$1:N$1,">="&$G35,$J$140:N$140,">0"),_xlpm.n,$I35,N$140*IF($C35="Bell",EXP(-0.5*((_xlpm.k-(_xlpm.n+1)/2)/MAX(_xlpm.n/6,0.5))^2),IF(_xlpm.n<=6,1,MIN(1,_xlpm.k/3,(_xlpm.n-_xlpm.k+1)/3)))))) -> 0 | O35: =IF($I35=0,0,IF(OR(O$140=0,O$1<$G35,O$1>$H35+6),0,_xlfn.LET(_xlpm.k,COUNTIFS($J$1:O$1,">="&$G35,$J$140:O$140,">0"),_xlpm.n,$I35,O$140*IF($C35="Bell",EXP(-0.5*((_xlpm.k-(_xlpm.n+1)/2)/MAX(_xlpm.n/6,0.5))^2),IF(_xlpm.n<=6,1,MIN(1,_xlpm.k/3,(_xlpm.n-_xlpm.k+1)/3)))))) -> 0 | P35: =IF($I35=0,0,IF(OR(P$140=0,P$1<$G35,P$1>$H35+6),0,_xlfn.LET(_xlpm.k,COUNTIFS($J$1:P$1,">="&$G35,$J$140:P$140,">0"),_xlpm.n,$I35,P$140*IF($C35="Bell",EXP(-0.5*((_xlpm.k-(_xlpm.n+1)/2)/MAX(_xlpm.n/6,0.5))^2),IF(_xlpm.n<=6,1,MIN(1,_xlpm.k/3,(_xlpm.n-_xlpm.k+1)/3)))))) -> 0 | Q35: =IF($I35=0,0,IF(OR(Q$140=0,Q$1<$G35,Q$1>$H35+6),0,_xlfn.LET(_xlpm.k,COUNTIFS($J$1:Q$1,">="&$G35,$J$140:Q$140,">0"),_xlpm.n,$I35,Q$140*IF($C35="Bell",EXP(-0.5*((_xlpm.k-(_xlpm.n+1)/2)/MAX(_xlpm.n/6,0.5))^2),IF(_xlpm.n<=6,1,MIN(1,_xlpm.k/3,(_xlpm.n-_xlpm.k+1)/3)))))) -> 0 | ... GL35: =IF($I35=0,0,IF(OR(GL$140=0,GL$1<$G35,GL$1>$H35+6),0,_xlfn.LET(_xlpm.k,COUNTIFS($J$1:GL$1,">="&$G35,$J$140:GL$140,">0"),_xlpm.n,$I35,GL$140*IF($C35="Bell",EXP(-0.5*((_xlpm.k-(_xlpm.n+1)/2)/MAX(_xlpm.n/6,0.5))^2),IF(_xlpm.n<=6,1,MIN(1,_xlpm.k/3,(_xlpm.n-_xlpm.k+1)/3)))))) -> 0
A36: =Sheet1!B36 -> 0-4100 | B36: =Sheet1!D36 -> 0-4100-Silt Fence | E36: =SUM(J36:GL36) -> 4 | G36: =IF(Sheet1!G36="","",Sheet1!G36) -> 46298 | H36: =IF(Sheet1!H36="","",Sheet1!H36) -> 46319 | I36: =IF(OR(G36="",H36=""),0,COUNTIFS($J$1:$GL$1,">="&G36,$J$1:$GL$1,"<="&H36+6,$J$140:$GL$140,">0")) -> 4 | J36: =IF($I36=0,0,IF(OR(J$140=0,J$1<$G36,J$1>$H36+6),0,_xlfn.LET(_xlpm.k,COUNTIFS($J$1:J$1,">="&$G36,$J$140:J$140,">0"),_xlpm.n,$I36,J$140*IF($C36="Bell",EXP(-0.5*((_xlpm.k-(_xlpm.n+1)/2)/MAX(_xlpm.n/6,0.5))^2),IF(_xlpm.n<=6,1,MIN(1,_xlpm.k/3,(_xlpm.n-_xlpm.k+1)/3)))))) -> 0 | K36: =IF($I36=0,0,IF(OR(K$140=0,K$1<$G36,K$1>$H36+6),0,_xlfn.LET(_xlpm.k,COUNTIFS($J$1:K$1,">="&$G36,$J$140:K$140,">0"),_xlpm.n,$I36,K$140*IF($C36="Bell",EXP(-0.5*((_xlpm.k-(_xlpm.n+1)/2)/MAX(_xlpm.n/6,0.5))^2),IF(_xlpm.n<=6,1,MIN(1,_xlpm.k/3,(_xlpm.n-_xlpm.k+1)/3)))))) -> 0 | L36: =IF($I36=0,0,IF(OR(L$140=0,L$1<$G36,L$1>$H36+6),0,_xlfn.LET(_xlpm.k,COUNTIFS($J$1:L$1,">="&$G36,$J$140:L$140,">0"),_xlpm.n,$I36,L$140*IF($C36="Bell",EXP(-0.5*((_xlpm.k-(_xlpm.n+1)/2)/MAX(_xlpm.n/6,0.5))^2),IF(_xlpm.n<=6,1,MIN(1,_xlpm.k/3,(_xlpm.n-_xlpm.k+1)/3)))))) -> 0 | M36: =IF($I36=0,0,IF(OR(M$140=0,M$1<$G36,M$1>$H36+6),0,_xlfn.LET(_xlpm.k,COUNTIFS($J$1:M$1,">="&$G36,$J$140:M$140,">0"),_xlpm.n,$I36,M$140*IF($C36="Bell",EXP(-0.5*((_xlpm.k-(_xlpm.n+1)/2)/MAX(_xlpm.n/6,0.5))^2),IF(_xlpm.n<=6,1,MIN(1,_xlpm.k/3,(_xlpm.n-_xlpm.k+1)/3)))))) -> 0 | N36: =IF($I36=0,0,IF(OR(N$140=0,N$1<$G36,N$1>$H36+6),0,_xlfn.LET(_xlpm.k,COUNTIFS($J$1:N$1,">="&$G36,$J$140:N$140,">0"),_xlpm.n,$I36,N$140*IF($C36="Bell",EXP(-0.5*((_xlpm.k-(_xlpm.n+1)/2)/MAX(_xlpm.n/6,0.5))^2),IF(_xlpm.n<=6,1,MIN(1,_xlpm.k/3,(_xlpm.n-_xlpm.k+1)/3)))))) -> 0 | O36: =IF($I36=0,0,IF(OR(O$140=0,O$1<$G36,O$1>$H36+6),0,_xlfn.LET(_xlpm.k,COUNTIFS($J$1:O$1,">="&$G36,$J$140:O$140,">0"),_xlpm.n,$I36,O$140*IF($C36="Bell",EXP(-0.5*((_xlpm.k-(_xlpm.n+1)/2)/MAX(_xlpm.n/6,0.5))^2),IF(_xlpm.n<=6,1,MIN(1,_xlpm.k/3,(_xlpm.n-_xlpm.k+1)/3)))))) -> 0 | P36: =IF($I36=0,0,IF(OR(P$140=0,P$1<$G36,P$1>$H36+6),0,_xlfn.LET(_xlpm.k,COUNTIFS($J$1:P$1,">="&$G36,$J$140:P$140,">0"),_xlpm.n,$I36,P$140*IF($C36="Bell",EXP(-0.5*((_xlpm.k-(_xlpm.n+1)/2)/MAX(_xlpm.n/6,0.5))^2),IF(_xlpm.n<=6,1,MIN(1,_xlpm.k/3,(_xlpm.n-_xlpm.k+1)/3)))))) -> 0 | Q36: =IF($I36=0,0,IF(OR(Q$140=0,Q$1<$G36,Q$1>$H36+6),0,_xlfn.LET(_xlpm.k,COUNTIFS($J$1:Q$1,">="&$G36,$J$140:Q$140,">0"),_xlpm.n,$I36,Q$140*IF($C36="Bell",EXP(-0.5*((_xlpm.k-(_xlpm.n+1)/2)/MAX(_xlpm.n/6,0.5))^2),IF(_xlpm.n<=6,1,MIN(1,_xlpm.k/3,(_xlpm.n-_xlpm.k+1)/3)))))) -> 0 | ... GL36: =IF($I36=0,0,IF(OR(GL$140=0,GL$1<$G36,GL$1>$H36+6),0,_xlfn.LET(_xlpm.k,COUNTIFS($J$1:GL$1,">="&$G36,$J$140:GL$140,">0"),_xlpm.n,$I36,GL$140*IF($C36="Bell",EXP(-0.5*((_xlpm.k-(_xlpm.n+1)/2)/MAX(_xlpm.n/6,0.5))^2),IF(_xlpm.n<=6,1,MIN(1,_xlpm.k/3,(_xlpm.n-_xlpm.k+1)/3)))))) -> 0
A37: =Sheet1!B37 -> 0-4112 | B37: =Sheet1!D37 -> 0-4112-Scour & Veg. Buffer | E37: =SUM(J37:GL37) -> 4 | G37: =IF(Sheet1!G37="","",Sheet1!G37) -> 46329 | H37: =IF(Sheet1!H37="","",Sheet1!H37) -> 46360 | I37: =IF(OR(G37="",H37=""),0,COUNTIFS($J$1:$GL$1,">="&G37,$J$1:$GL$1,"<="&H37+6,$J$140:$GL$140,">0")) -> 4 | J37: =IF($I37=0,0,IF(OR(J$140=0,J$1<$G37,J$1>$H37+6),0,_xlfn.LET(_xlpm.k,COUNTIFS($J$1:J$1,">="&$G37,$J$140:J$140,">0"),_xlpm.n,$I37,J$140*IF($C37="Bell",EXP(-0.5*((_xlpm.k-(_xlpm.n+1)/2)/MAX(_xlpm.n/6,0.5))^2),IF(_xlpm.n<=6,1,MIN(1,_xlpm.k/3,(_xlpm.n-_xlpm.k+1)/3)))))) -> 0 | K37: =IF($I37=0,0,IF(OR(K$140=0,K$1<$G37,K$1>$H37+6),0,_xlfn.LET(_xlpm.k,COUNTIFS($J$1:K$1,">="&$G37,$J$140:K$140,">0"),_xlpm.n,$I37,K$140*IF($C37="Bell",EXP(-0.5*((_xlpm.k-(_xlpm.n+1)/2)/MAX(_xlpm.n/6,0.5))^2),IF(_xlpm.n<=6,1,MIN(1,_xlpm.k/3,(_xlpm.n-_xlpm.k+1)/3)))))) -> 0 | L37: =IF($I37=0,0,IF(OR(L$140=0,L$1<$G37,L$1>$H37+6),0,_xlfn.LET(_xlpm.k,COUNTIFS($J$1:L$1,">="&$G37,$J$140:L$140,">0"),_xlpm.n,$I37,L$140*IF($C37="Bell",EXP(-0.5*((_xlpm.k-(_xlpm.n+1)/2)/MAX(_xlpm.n/6,0.5))^2),IF(_xlpm.n<=6,1,MIN(1,_xlpm.k/3,(_xlpm.n-_xlpm.k+1)/3)))))) -> 0 | M37: =IF($I37=0,0,IF(OR(M$140=0,M$1<$G37,M$1>$H37+6),0,_xlfn.LET(_xlpm.k,COUNTIFS($J$1:M$1,">="&$G37,$J$140:M$140,">0"),_xlpm.n,$I37,M$140*IF($C37="Bell",EXP(-0.5*((_xlpm.k-(_xlpm.n+1)/2)/MAX(_xlpm.n/6,0.5))^2),IF(_xlpm.n<=6,1,MIN(1,_xlpm.k/3,(_xlpm.n-_xlpm.k+1)/3)))))) -> 0 | N37: =IF($I37=0,0,IF(OR(N$140=0,N$1<$G37,N$1>$H37+6),0,_xlfn.LET(_xlpm.k,COUNTIFS($J$1:N$1,">="&$G37,$J$140:N$140,">0"),_xlpm.n,$I37,N$140*IF($C37="Bell",EXP(-0.5*((_xlpm.k-(_xlpm.n+1)/2)/MAX(_xlpm.n/6,0.5))^2),IF(_xlpm.n<=6,1,MIN(1,_xlpm.k/3,(_xlpm.n-_xlpm.k+1)/3)))))) -> 0 | O37: =IF($I37=0,0,IF(OR(O$140=0,O$1<$G37,O$1>$H37+6),0,_xlfn.LET(_xlpm.k,COUNTIFS($J$1:O$1,">="&$G37,$J$140:O$140,">0"),_xlpm.n,$I37,O$140*IF($C37="Bell",EXP(-0.5*((_xlpm.k-(_xlpm.n+1)/2)/MAX(_xlpm.n/6,0.5))^2),IF(_xlpm.n<=6,1,MIN(1,_xlpm.k/3,(_xlpm.n-_xlpm.k+1)/3)))))) -> 0 | P37: =IF($I37=0,0,IF(OR(P$140=0,P$1<$G37,P$1>$H37+6),0,_xlfn.LET(_xlpm.k,COUNTIFS($J$1:P$1,">="&$G37,$J$140:P$140,">0"),_xlpm.n,$I37,P$140*IF($C37="Bell",EXP(-0.5*((_xlpm.k-(_xlpm.n+1)/2)/MAX(_xlpm.n/6,0.5))^2),IF(_xlpm.n<=6,1,MIN(1,_xlpm.k/3,(_xlpm.n-_xlpm.k+1)/3)))))) -> 0 | Q37: =IF($I37=0,0,IF(OR(Q$140=0,Q$1<$G37,Q$1>$H37+6),0,_xlfn.LET(_xlpm.k,COUNTIFS($J$1:Q$1,">="&$G37,$J$140:Q$140,">0"),_xlpm.n,$I37,Q$140*IF($C37="Bell",EXP(-0.5*((_xlpm.k-(_xlpm.n+1)/2)/MAX(_xlpm.n/6,0.5))^2),IF(_xlpm.n<=6,1,MIN(1,_xlpm.k/3,(_xlpm.n-_xlpm.k+1)/3)))))) -> 0 | ... GL37: =IF($I37=0,0,IF(OR(GL$140=0,GL$1<$G37,GL$1>$H37+6),0,_xlfn.LET(_xlpm.k,COUNTIFS($J$1:GL$1,">="&$G37,$J$140:GL$140,">0"),_xlpm.n,$I37,GL$140*IF($C37="Bell",EXP(-0.5*((_xlpm.k-(_xlpm.n+1)/2)/MAX(_xlpm.n/6,0.5))^2),IF(_xlpm.n<=6,1,MIN(1,_xlpm.k/3,(_xlpm.n-_xlpm.k+1)/3)))))) -> 0
A38: =Sheet1!B38 -> 0-4101 | B38: =Sheet1!D38 -> 0-4101-Clearing & Grubbing | E38: =SUM(J38:GL38) -> 5 | G38: =IF(Sheet1!G38="","",Sheet1!G38) -> 46300 | H38: =IF(Sheet1!H38="","",Sheet1!H38) -> 46329 | I38: =IF(OR(G38="",H38=""),0,COUNTIFS($J$1:$GL$1,">="&G38,$J$1:$GL$1,"<="&H38+6,$J$140:$GL$140,">0")) -> 5 | J38: =IF($I38=0,0,IF(OR(J$140=0,J$1<$G38,J$1>$H38+6),0,_xlfn.LET(_xlpm.k,COUNTIFS($J$1:J$1,">="&$G38,$J$140:J$140,">0"),_xlpm.n,$I38,J$140*IF($C38="Bell",EXP(-0.5*((_xlpm.k-(_xlpm.n+1)/2)/MAX(_xlpm.n/6,0.5))^2),IF(_xlpm.n<=6,1,MIN(1,_xlpm.k/3,(_xlpm.n-_xlpm.k+1)/3)))))) -> 0 | K38: =IF($I38=0,0,IF(OR(K$140=0,K$1<$G38,K$1>$H38+6),0,_xlfn.LET(_xlpm.k,COUNTIFS($J$1:K$1,">="&$G38,$J$140:K$140,">0"),_xlpm.n,$I38,K$140*IF($C38="Bell",EXP(-0.5*((_xlpm.k-(_xlpm.n+1)/2)/MAX(_xlpm.n/6,0.5))^2),IF(_xlpm.n<=6,1,MIN(1,_xlpm.k/3,(_xlpm.n-_xlpm.k+1)/3)))))) -> 0 | L38: =IF($I38=0,0,IF(OR(L$140=0,L$1<$G38,L$1>$H38+6),0,_xlfn.LET(_xlpm.k,COUNTIFS($J$1:L$1,">="&$G38,$J$140:L$140,">0"),_xlpm.n,$I38,L$140*IF($C38="Bell",EXP(-0.5*((_xlpm.k-(_xlpm.n+1)/2)/MAX(_xlpm.n/6,0.5))^2),IF(_xlpm.n<=6,1,MIN(1,_xlpm.k/3,(_xlpm.n-_xlpm.k+1)/3)))))) -> 0 | M38: =IF($I38=0,0,IF(OR(M$140=0,M$1<$G38,M$1>$H38+6),0,_xlfn.LET(_xlpm.k,COUNTIFS($J$1:M$1,">="&$G38,$J$140:M$140,">0"),_xlpm.n,$I38,M$140*IF($C38="Bell",EXP(-0.5*((_xlpm.k-(_xlpm.n+1)/2)/MAX(_xlpm.n/6,0.5))^2),IF(_xlpm.n<=6,1,MIN(1,_xlpm.k/3,(_xlpm.n-_xlpm.k+1)/3)))))) -> 0 | N38: =IF($I38=0,0,IF(OR(N$140=0,N$1<$G38,N$1>$H38+6),0,_xlfn.LET(_xlpm.k,COUNTIFS($J$1:N$1,">="&$G38,$J$140:N$140,">0"),_xlpm.n,$I38,N$140*IF($C38="Bell",EXP(-0.5*((_xlpm.k-(_xlpm.n+1)/2)/MAX(_xlpm.n/6,0.5))^2),IF(_xlpm.n<=6,1,MIN(1,_xlpm.k/3,(_xlpm.n-_xlpm.k+1)/3)))))) -> 0 | O38: =IF($I38=0,0,IF(OR(O$140=0,O$1<$G38,O$1>$H38+6),0,_xlfn.LET(_xlpm.k,COUNTIFS($J$1:O$1,">="&$G38,$J$140:O$140,">0"),_xlpm.n,$I38,O$140*IF($C38="Bell",EXP(-0.5*((_xlpm.k-(_xlpm.n+1)/2)/MAX(_xlpm.n/6,0.5))^2),IF(_xlpm.n<=6,1,MIN(1,_xlpm.k/3,(_xlpm.n-_xlpm.k+1)/3)))))) -> 0 | P38: =IF($I38=0,0,IF(OR(P$140=0,P$1<$G38,P$1>$H38+6),0,_xlfn.LET(_xlpm.k,COUNTIFS($J$1:P$1,">="&$G38,$J$140:P$140,">0"),_xlpm.n,$I38,P$140*IF($C38="Bell",EXP(-0.5*((_xlpm.k-(_xlpm.n+1)/2)/MAX(_xlpm.n/6,0.5))^2),IF(_xlpm.n<=6,1,MIN(1,_xlpm.k/3,(_xlpm.n-_xlpm.k+1)/3)))))) -> 0 | Q38: =IF($I38=0,0,IF(OR(Q$140=0,Q$1<$G38,Q$1>$H38+6),0,_xlfn.LET(_xlpm.k,COUNTIFS($J$1:Q$1,">="&$G38,$J$140:Q$140,">0"),_xlpm.n,$I38,Q$140*IF($C38="Bell",EXP(-0.5*((_xlpm.k-(_xlpm.n+1)/2)/MAX(_xlpm.n/6,0.5))^2),IF(_xlpm.n<=6,1,MIN(1,_xlpm.k/3,(_xlpm.n-_xlpm.k+1)/3)))))) -> 0 | ... GL38: =IF($I38=0,0,IF(OR(GL$140=0,GL$1<$G38,GL$1>$H38+6),0,_xlfn.LET(_xlpm.k,COUNTIFS($J$1:GL$1,">="&$G38,$J$140:GL$140,">0"),_xlpm.n,$I38,GL$140*IF($C38="Bell",EXP(-0.5*((_xlpm.k-(_xlpm.n+1)/2)/MAX(_xlpm.n/6,0.5))^2),IF(_xlpm.n<=6,1,MIN(1,_xlpm.k/3,(_xlpm.n-_xlpm.k+1)/3)))))) -> 0
A39: =Sheet1!B39 -> 0-4102 | B39: =Sheet1!D39 -> 0-4102-Earth Work | E39: =SUM(J39:GL39) -> 6 | G39: =IF(Sheet1!G39="","",Sheet1!G39) -> 46307 | H39: =IF(Sheet1!H39="","",Sheet1!H39) -> 46346 | I39: =IF(OR(G39="",H39=""),0,COUNTIFS($J$1:$GL$1,">="&G39,$J$1:$GL$1,"<="&H39+6,$J$140:$GL$140,">0")) -> 6 | J39: =IF($I39=0,0,IF(OR(J$140=0,J$1<$G39,J$1>$H39+6),0,_xlfn.LET(_xlpm.k,COUNTIFS($J$1:J$1,">="&$G39,$J$140:J$140,">0"),_xlpm.n,$I39,J$140*IF($C39="Bell",EXP(-0.5*((_xlpm.k-(_xlpm.n+1)/2)/MAX(_xlpm.n/6,0.5))^2),IF(_xlpm.n<=6,1,MIN(1,_xlpm.k/3,(_xlpm.n-_xlpm.k+1)/3)))))) -> 0 | K39: =IF($I39=0,0,IF(OR(K$140=0,K$1<$G39,K$1>$H39+6),0,_xlfn.LET(_xlpm.k,COUNTIFS($J$1:K$1,">="&$G39,$J$140:K$140,">0"),_xlpm.n,$I39,K$140*IF($C39="Bell",EXP(-0.5*((_xlpm.k-(_xlpm.n+1)/2)/MAX(_xlpm.n/6,0.5))^2),IF(_xlpm.n<=6,1,MIN(1,_xlpm.k/3,(_xlpm.n-_xlpm.k+1)/3)))))) -> 0 | L39: =IF($I39=0,0,IF(OR(L$140=0,L$1<$G39,L$1>$H39+6),0,_xlfn.LET(_xlpm.k,COUNTIFS($J$1:L$1,">="&$G39,$J$140:L$140,">0"),_xlpm.n,$I39,L$140*IF($C39="Bell",EXP(-0.5*((_xlpm.k-(_xlpm.n+1)/2)/MAX(_xlpm.n/6,0.5))^2),IF(_xlpm.n<=6,1,MIN(1,_xlpm.k/3,(_xlpm.n-_xlpm.k+1)/3)))))) -> 0 | M39: =IF($I39=0,0,IF(OR(M$140=0,M$1<$G39,M$1>$H39+6),0,_xlfn.LET(_xlpm.k,COUNTIFS($J$1:M$1,">="&$G39,$J$140:M$140,">0"),_xlpm.n,$I39,M$140*IF($C39="Bell",EXP(-0.5*((_xlpm.k-(_xlpm.n+1)/2)/MAX(_xlpm.n/6,0.5))^2),IF(_xlpm.n<=6,1,MIN(1,_xlpm.k/3,(_xlpm.n-_xlpm.k+1)/3)))))) -> 0 | N39: =IF($I39=0,0,IF(OR(N$140=0,N$1<$G39,N$1>$H39+6),0,_xlfn.LET(_xlpm.k,COUNTIFS($J$1:N$1,">="&$G39,$J$140:N$140,">0"),_xlpm.n,$I39,N$140*IF($C39="Bell",EXP(-0.5*((_xlpm.k-(_xlpm.n+1)/2)/MAX(_xlpm.n/6,0.5))^2),IF(_xlpm.n<=6,1,MIN(1,_xlpm.k/3,(_xlpm.n-_xlpm.k+1)/3)))))) -> 0 | O39: =IF($I39=0,0,IF(OR(O$140=0,O$1<$G39,O$1>$H39+6),0,_xlfn.LET(_xlpm.k,COUNTIFS($J$1:O$1,">="&$G39,$J$140:O$140,">0"),_xlpm.n,$I39,O$140*IF($C39="Bell",EXP(-0.5*((_xlpm.k-(_xlpm.n+1)/2)/MAX(_xlpm.n/6,0.5))^2),IF(_xlpm.n<=6,1,MIN(1,_xlpm.k/3,(_xlpm.n-_xlpm.k+1)/3)))))) -> 0 | P39: =IF($I39=0,0,IF(OR(P$140=0,P$1<$G39,P$1>$H39+6),0,_xlfn.LET(_xlpm.k,COUNTIFS($J$1:P$1,">="&$G39,$J$140:P$140,">0"),_xlpm.n,$I39,P$140*IF($C39="Bell",EXP(-0.5*((_xlpm.k-(_xlpm.n+1)/2)/MAX(_xlpm.n/6,0.5))^2),IF(_xlpm.n<=6,1,MIN(1,_xlpm.k/3,(_xlpm.n-_xlpm.k+1)/3)))))) -> 0 | Q39: =IF($I39=0,0,IF(OR(Q$140=0,Q$1<$G39,Q$1>$H39+6),0,_xlfn.LET(_xlpm.k,COUNTIFS($J$1:Q$1,">="&$G39,$J$140:Q$140,">0"),_xlpm.n,$I39,Q$140*IF($C39="Bell",EXP(-0.5*((_xlpm.k-(_xlpm.n+1)/2)/MAX(_xlpm.n/6,0.5))^2),IF(_xlpm.n<=6,1,MIN(1,_xlpm.k/3,(_xlpm.n-_xlpm.k+1)/3)))))) -> 0 | ... GL39: =IF($I39=0,0,IF(OR(GL$140=0,GL$1<$G39,GL$1>$H39+6),0,_xlfn.LET(_xlpm.k,COUNTIFS($J$1:GL$1,">="&$G39,$J$140:GL$140,">0"),_xlpm.n,$I39,GL$140*IF($C39="Bell",EXP(-0.5*((_xlpm.k-(_xlpm.n+1)/2)/MAX(_xlpm.n/6,0.5))^2),IF(_xlpm.n<=6,1,MIN(1,_xlpm.k/3,(_xlpm.n-_xlpm.k+1)/3)))))) -> 0
A40: =Sheet1!B40 -> 0-4103 | B40: =Sheet1!D40 -> 0-4103-Erosion Control | E40: =SUM(J40:GL40) -> 4 | G40: =IF(Sheet1!G40="","",Sheet1!G40) -> 46298 | H40: =IF(Sheet1!H40="","",Sheet1!H40) -> 46319 | I40: =IF(OR(G40="",H40=""),0,COUNTIFS($J$1:$GL$1,">="&G40,$J$1:$GL$1,"<="&H40+6,$J$140:$GL$140,">0")) -> 4 | J40: =IF($I40=0,0,IF(OR(J$140=0,J$1<$G40,J$1>$H40+6),0,_xlfn.LET(_xlpm.k,COUNTIFS($J$1:J$1,">="&$G40,$J$140:J$140,">0"),_xlpm.n,$I40,J$140*IF($C40="Bell",EXP(-0.5*((_xlpm.k-(_xlpm.n+1)/2)/MAX(_xlpm.n/6,0.5))^2),IF(_xlpm.n<=6,1,MIN(1,_xlpm.k/3,(_xlpm.n-_xlpm.k+1)/3)))))) -> 0 | K40: =IF($I40=0,0,IF(OR(K$140=0,K$1<$G40,K$1>$H40+6),0,_xlfn.LET(_xlpm.k,COUNTIFS($J$1:K$1,">="&$G40,$J$140:K$140,">0"),_xlpm.n,$I40,K$140*IF($C40="Bell",EXP(-0.5*((_xlpm.k-(_xlpm.n+1)/2)/MAX(_xlpm.n/6,0.5))^2),IF(_xlpm.n<=6,1,MIN(1,_xlpm.k/3,(_xlpm.n-_xlpm.k+1)/3)))))) -> 0 | L40: =IF($I40=0,0,IF(OR(L$140=0,L$1<$G40,L$1>$H40+6),0,_xlfn.LET(_xlpm.k,COUNTIFS($J$1:L$1,">="&$G40,$J$140:L$140,">0"),_xlpm.n,$I40,L$140*IF($C40="Bell",EXP(-0.5*((_xlpm.k-(_xlpm.n+1)/2)/MAX(_xlpm.n/6,0.5))^2),IF(_xlpm.n<=6,1,MIN(1,_xlpm.k/3,(_xlpm.n-_xlpm.k+1)/3)))))) -> 0 | M40: =IF($I40=0,0,IF(OR(M$140=0,M$1<$G40,M$1>$H40+6),0,_xlfn.LET(_xlpm.k,COUNTIFS($J$1:M$1,">="&$G40,$J$140:M$140,">0"),_xlpm.n,$I40,M$140*IF($C40="Bell",EXP(-0.5*((_xlpm.k-(_xlpm.n+1)/2)/MAX(_xlpm.n/6,0.5))^2),IF(_xlpm.n<=6,1,MIN(1,_xlpm.k/3,(_xlpm.n-_xlpm.k+1)/3)))))) -> 0 | N40: =IF($I40=0,0,IF(OR(N$140=0,N$1<$G40,N$1>$H40+6),0,_xlfn.LET(_xlpm.k,COUNTIFS($J$1:N$1,">="&$G40,$J$140:N$140,">0"),_xlpm.n,$I40,N$140*IF($C40="Bell",EXP(-0.5*((_xlpm.k-(_xlpm.n+1)/2)/MAX(_xlpm.n/6,0.5))^2),IF(_xlpm.n<=6,1,MIN(1,_xlpm.k/3,(_xlpm.n-_xlpm.k+1)/3)))))) -> 0 | O40: =IF($I40=0,0,IF(OR(O$140=0,O$1<$G40,O$1>$H40+6),0,_xlfn.LET(_xlpm.k,COUNTIFS($J$1:O$1,">="&$G40,$J$140:O$140,">0"),_xlpm.n,$I40,O$140*IF($C40="Bell",EXP(-0.5*((_xlpm.k-(_xlpm.n+1)/2)/MAX(_xlpm.n/6,0.5))^2),IF(_xlpm.n<=6,1,MIN(1,_xlpm.k/3,(_xlpm.n-_xlpm.k+1)/3)))))) -> 0 | P40: =IF($I40=0,0,IF(OR(P$140=0,P$1<$G40,P$1>$H40+6),0,_xlfn.LET(_xlpm.k,COUNTIFS($J$1:P$1,">="&$G40,$J$140:P$140,">0"),_xlpm.n,$I40,P$140*IF($C40="Bell",EXP(-0.5*((_xlpm.k-(_xlpm.n+1)/2)/MAX(_xlpm.n/6,0.5))^2),IF(_xlpm.n<=6,1,MIN(1,_xlpm.k/3,(_xlpm.n-_xlpm.k+1)/3)))))) -> 0 | Q40: =IF($I40=0,0,IF(OR(Q$140=0,Q$1<$G40,Q$1>$H40+6),0,_xlfn.LET(_xlpm.k,COUNTIFS($J$1:Q$1,">="&$G40,$J$140:Q$140,">0"),_xlpm.n,$I40,Q$140*IF($C40="Bell",EXP(-0.5*((_xlpm.k-(_xlpm.n+1)/2)/MAX(_xlpm.n/6,0.5))^2),IF(_xlpm.n<=6,1,MIN(1,_xlpm.k/3,(_xlpm.n-_xlpm.k+1)/3)))))) -> 0 | ... GL40: =IF($I40=0,0,IF(OR(GL$140=0,GL$1<$G40,GL$1>$H40+6),0,_xlfn.LET(_xlpm.k,COUNTIFS($J$1:GL$1,">="&$G40,$J$140:GL$140,">0"),_xlpm.n,$I40,GL$140*IF($C40="Bell",EXP(-0.5*((_xlpm.k-(_xlpm.n+1)/2)/MAX(_xlpm.n/6,0.5))^2),IF(_xlpm.n<=6,1,MIN(1,_xlpm.k/3,(_xlpm.n-_xlpm.k+1)/3)))))) -> 0
A41: =Sheet1!B41 -> 0-4104 | B41: =Sheet1!D41 -> 0 | E41: =SUM(J41:GL41) -> 0 | G41: =IF(Sheet1!G41="","",Sheet1!G41) | H41: =IF(Sheet1!H41="","",Sheet1!H41) | I41: =IF(OR(G41="",H41=""),0,COUNTIFS($J$1:$GL$1,">="&G41,$J$1:$GL$1,"<="&H41+6,$J$140:$GL$140,">0")) -> 0 | J41: =IF($I41=0,0,IF(OR(J$140=0,J$1<$G41,J$1>$H41+6),0,_xlfn.LET(_xlpm.k,COUNTIFS($J$1:J$1,">="&$G41,$J$140:J$140,">0"),_xlpm.n,$I41,J$140*IF($C41="Bell",EXP(-0.5*((_xlpm.k-(_xlpm.n+1)/2)/MAX(_xlpm.n/6,0.5))^2),IF(_xlpm.n<=6,1,MIN(1,_xlpm.k/3,(_xlpm.n-_xlpm.k+1)/3)))))) -> 0 | K41: =IF($I41=0,0,IF(OR(K$140=0,K$1<$G41,K$1>$H41+6),0,_xlfn.LET(_xlpm.k,COUNTIFS($J$1:K$1,">="&$G41,$J$140:K$140,">0"),_xlpm.n,$I41,K$140*IF($C41="Bell",EXP(-0.5*((_xlpm.k-(_xlpm.n+1)/2)/MAX(_xlpm.n/6,0.5))^2),IF(_xlpm.n<=6,1,MIN(1,_xlpm.k/3,(_xlpm.n-_xlpm.k+1)/3)))))) -> 0 | L41: =IF($I41=0,0,IF(OR(L$140=0,L$1<$G41,L$1>$H41+6),0,_xlfn.LET(_xlpm.k,COUNTIFS($J$1:L$1,">="&$G41,$J$140:L$140,">0"),_xlpm.n,$I41,L$140*IF($C41="Bell",EXP(-0.5*((_xlpm.k-(_xlpm.n+1)/2)/MAX(_xlpm.n/6,0.5))^2),IF(_xlpm.n<=6,1,MIN(1,_xlpm.k/3,(_xlpm.n-_xlpm.k+1)/3)))))) -> 0 | M41: =IF($I41=0,0,IF(OR(M$140=0,M$1<$G41,M$1>$H41+6),0,_xlfn.LET(_xlpm.k,COUNTIFS($J$1:M$1,">="&$G41,$J$140:M$140,">0"),_xlpm.n,$I41,M$140*IF($C41="Bell",EXP(-0.5*((_xlpm.k-(_xlpm.n+1)/2)/MAX(_xlpm.n/6,0.5))^2),IF(_xlpm.n<=6,1,MIN(1,_xlpm.k/3,(_xlpm.n-_xlpm.k+1)/3)))))) -> 0 | N41: =IF($I41=0,0,IF(OR(N$140=0,N$1<$G41,N$1>$H41+6),0,_xlfn.LET(_xlpm.k,COUNTIFS($J$1:N$1,">="&$G41,$J$140:N$140,">0"),_xlpm.n,$I41,N$140*IF($C41="Bell",EXP(-0.5*((_xlpm.k-(_xlpm.n+1)/2)/MAX(_xlpm.n/6,0.5))^2),IF(_xlpm.n<=6,1,MIN(1,_xlpm.k/3,(_xlpm.n-_xlpm.k+1)/3)))))) -> 0 | O41: =IF($I41=0,0,IF(OR(O$140=0,O$1<$G41,O$1>$H41+6),0,_xlfn.LET(_xlpm.k,COUNTIFS($J$1:O$1,">="&$G41,$J$140:O$140,">0"),_xlpm.n,$I41,O$140*IF($C41="Bell",EXP(-0.5*((_xlpm.k-(_xlpm.n+1)/2)/MAX(_xlpm.n/6,0.5))^2),IF(_xlpm.n<=6,1,MIN(1,_xlpm.k/3,(_xlpm.n-_xlpm.k+1)/3)))))) -> 0 | P41: =IF($I41=0,0,IF(OR(P$140=0,P$1<$G41,P$1>$H41+6),0,_xlfn.LET(_xlpm.k,COUNTIFS($J$1:P$1,">="&$G41,$J$140:P$140,">0"),_xlpm.n,$I41,P$140*IF($C41="Bell",EXP(-0.5*((_xlpm.k-(_xlpm.n+1)/2)/MAX(_xlpm.n/6,0.5))^2),IF(_xlpm.n<=6,1,MIN(1,_xlpm.k/3,(_xlpm.n-_xlpm.k+1)/3)))))) -> 0 | Q41: =IF($I41=0,0,IF(OR(Q$140=0,Q$1<$G41,Q$1>$H41+6),0,_xlfn.LET(_xlpm.k,COUNTIFS($J$1:Q$1,">="&$G41,$J$140:Q$140,">0"),_xlpm.n,$I41,Q$140*IF($C41="Bell",EXP(-0.5*((_xlpm.k-(_xlpm.n+1)/2)/MAX(_xlpm.n/6,0.5))^2),IF(_xlpm.n<=6,1,MIN(1,_xlpm.k/3,(_xlpm.n-_xlpm.k+1)/3)))))) -> 0 | ... GL41: =IF($I41=0,0,IF(OR(GL$140=0,GL$1<$G41,GL$1>$H41+6),0,_xlfn.LET(_xlpm.k,COUNTIFS($J$1:GL$1,">="&$G41,$J$140:GL$140,">0"),_xlpm.n,$I41,GL$140*IF($C41="Bell",EXP(-0.5*((_xlpm.k-(_xlpm.n+1)/2)/MAX(_xlpm.n/6,0.5))^2),IF(_xlpm.n<=6,1,MIN(1,_xlpm.k/3,(_xlpm.n-_xlpm.k+1)/3)))))) -> 0
A42: =Sheet1!B42 -> 0-4105 | B42: =Sheet1!D42 -> 0 | E42: =SUM(J42:GL42) -> 0 | G42: =IF(Sheet1!G42="","",Sheet1!G42) | H42: =IF(Sheet1!H42="","",Sheet1!H42) | I42: =IF(OR(G42="",H42=""),0,COUNTIFS($J$1:$GL$1,">="&G42,$J$1:$GL$1,"<="&H42+6,$J$140:$GL$140,">0")) -> 0 | J42: =IF($I42=0,0,IF(OR(J$140=0,J$1<$G42,J$1>$H42+6),0,_xlfn.LET(_xlpm.k,COUNTIFS($J$1:J$1,">="&$G42,$J$140:J$140,">0"),_xlpm.n,$I42,J$140*IF($C42="Bell",EXP(-0.5*((_xlpm.k-(_xlpm.n+1)/2)/MAX(_xlpm.n/6,0.5))^2),IF(_xlpm.n<=6,1,MIN(1,_xlpm.k/3,(_xlpm.n-_xlpm.k+1)/3)))))) -> 0 | K42: =IF($I42=0,0,IF(OR(K$140=0,K$1<$G42,K$1>$H42+6),0,_xlfn.LET(_xlpm.k,COUNTIFS($J$1:K$1,">="&$G42,$J$140:K$140,">0"),_xlpm.n,$I42,K$140*IF($C42="Bell",EXP(-0.5*((_xlpm.k-(_xlpm.n+1)/2)/MAX(_xlpm.n/6,0.5))^2),IF(_xlpm.n<=6,1,MIN(1,_xlpm.k/3,(_xlpm.n-_xlpm.k+1)/3)))))) -> 0 | L42: =IF($I42=0,0,IF(OR(L$140=0,L$1<$G42,L$1>$H42+6),0,_xlfn.LET(_xlpm.k,COUNTIFS($J$1:L$1,">="&$G42,$J$140:L$140,">0"),_xlpm.n,$I42,L$140*IF($C42="Bell",EXP(-0.5*((_xlpm.k-(_xlpm.n+1)/2)/MAX(_xlpm.n/6,0.5))^2),IF(_xlpm.n<=6,1,MIN(1,_xlpm.k/3,(_xlpm.n-_xlpm.k+1)/3)))))) -> 0 | M42: =IF($I42=0,0,IF(OR(M$140=0,M$1<$G42,M$1>$H42+6),0,_xlfn.LET(_xlpm.k,COUNTIFS($J$1:M$1,">="&$G42,$J$140:M$140,">0"),_xlpm.n,$I42,M$140*IF($C42="Bell",EXP(-0.5*((_xlpm.k-(_xlpm.n+1)/2)/MAX(_xlpm.n/6,0.5))^2),IF(_xlpm.n<=6,1,MIN(1,_xlpm.k/3,(_xlpm.n-_xlpm.k+1)/3)))))) -> 0 | N42: =IF($I42=0,0,IF(OR(N$140=0,N$1<$G42,N$1>$H42+6),0,_xlfn.LET(_xlpm.k,COUNTIFS($J$1:N$1,">="&$G42,$J$140:N$140,">0"),_xlpm.n,$I42,N$140*IF($C42="Bell",EXP(-0.5*((_xlpm.k-(_xlpm.n+1)/2)/MAX(_xlpm.n/6,0.5))^2),IF(_xlpm.n<=6,1,MIN(1,_xlpm.k/3,(_xlpm.n-_xlpm.k+1)/3)))))) -> 0 | O42: =IF($I42=0,0,IF(OR(O$140=0,O$1<$G42,O$1>$H42+6),0,_xlfn.LET(_xlpm.k,COUNTIFS($J$1:O$1,">="&$G42,$J$140:O$140,">0"),_xlpm.n,$I42,O$140*IF($C42="Bell",EXP(-0.5*((_xlpm.k-(_xlpm.n+1)/2)/MAX(_xlpm.n/6,0.5))^2),IF(_xlpm.n<=6,1,MIN(1,_xlpm.k/3,(_xlpm.n-_xlpm.k+1)/3)))))) -> 0 | P42: =IF($I42=0,0,IF(OR(P$140=0,P$1<$G42,P$1>$H42+6),0,_xlfn.LET(_xlpm.k,COUNTIFS($J$1:P$1,">="&$G42,$J$140:P$140,">0"),_xlpm.n,$I42,P$140*IF($C42="Bell",EXP(-0.5*((_xlpm.k-(_xlpm.n+1)/2)/MAX(_xlpm.n/6,0.5))^2),IF(_xlpm.n<=6,1,MIN(1,_xlpm.k/3,(_xlpm.n-_xlpm.k+1)/3)))))) -> 0 | Q42: =IF($I42=0,0,IF(OR(Q$140=0,Q$1<$G42,Q$1>$H42+6),0,_xlfn.LET(_xlpm.k,COUNTIFS($J$1:Q$1,">="&$G42,$J$140:Q$140,">0"),_xlpm.n,$I42,Q$140*IF($C42="Bell",EXP(-0.5*((_xlpm.k-(_xlpm.n+1)/2)/MAX(_xlpm.n/6,0.5))^2),IF(_xlpm.n<=6,1,MIN(1,_xlpm.k/3,(_xlpm.n-_xlpm.k+1)/3)))))) -> 0 | ... GL42: =IF($I42=0,0,IF(OR(GL$140=0,GL$1<$G42,GL$1>$H42+6),0,_xlfn.LET(_xlpm.k,COUNTIFS($J$1:GL$1,">="&$G42,$J$140:GL$140,">0"),_xlpm.n,$I42,GL$140*IF($C42="Bell",EXP(-0.5*((_xlpm.k-(_xlpm.n+1)/2)/MAX(_xlpm.n/6,0.5))^2),IF(_xlpm.n<=6,1,MIN(1,_xlpm.k/3,(_xlpm.n-_xlpm.k+1)/3)))))) -> 0
A43: =Sheet1!B43 -> 0-4106 | B43: =Sheet1!D43 -> 0 | E43: =SUM(J43:GL43) -> 0 | G43: =IF(Sheet1!G43="","",Sheet1!G43) | H43: =IF(Sheet1!H43="","",Sheet1!H43) | I43: =IF(OR(G43="",H43=""),0,COUNTIFS($J$1:$GL$1,">="&G43,$J$1:$GL$1,"<="&H43+6,$J$140:$GL$140,">0")) -> 0 | J43: =IF($I43=0,0,IF(OR(J$140=0,J$1<$G43,J$1>$H43+6),0,_xlfn.LET(_xlpm.k,COUNTIFS($J$1:J$1,">="&$G43,$J$140:J$140,">0"),_xlpm.n,$I43,J$140*IF($C43="Bell",EXP(-0.5*((_xlpm.k-(_xlpm.n+1)/2)/MAX(_xlpm.n/6,0.5))^2),IF(_xlpm.n<=6,1,MIN(1,_xlpm.k/3,(_xlpm.n-_xlpm.k+1)/3)))))) -> 0 | K43: =IF($I43=0,0,IF(OR(K$140=0,K$1<$G43,K$1>$H43+6),0,_xlfn.LET(_xlpm.k,COUNTIFS($J$1:K$1,">="&$G43,$J$140:K$140,">0"),_xlpm.n,$I43,K$140*IF($C43="Bell",EXP(-0.5*((_xlpm.k-(_xlpm.n+1)/2)/MAX(_xlpm.n/6,0.5))^2),IF(_xlpm.n<=6,1,MIN(1,_xlpm.k/3,(_xlpm.n-_xlpm.k+1)/3)))))) -> 0 | L43: =IF($I43=0,0,IF(OR(L$140=0,L$1<$G43,L$1>$H43+6),0,_xlfn.LET(_xlpm.k,COUNTIFS($J$1:L$1,">="&$G43,$J$140:L$140,">0"),_xlpm.n,$I43,L$140*IF($C43="Bell",EXP(-0.5*((_xlpm.k-(_xlpm.n+1)/2)/MAX(_xlpm.n/6,0.5))^2),IF(_xlpm.n<=6,1,MIN(1,_xlpm.k/3,(_xlpm.n-_xlpm.k+1)/3)))))) -> 0 | M43: =IF($I43=0,0,IF(OR(M$140=0,M$1<$G43,M$1>$H43+6),0,_xlfn.LET(_xlpm.k,COUNTIFS($J$1:M$1,">="&$G43,$J$140:M$140,">0"),_xlpm.n,$I43,M$140*IF($C43="Bell",EXP(-0.5*((_xlpm.k-(_xlpm.n+1)/2)/MAX(_xlpm.n/6,0.5))^2),IF(_xlpm.n<=6,1,MIN(1,_xlpm.k/3,(_xlpm.n-_xlpm.k+1)/3)))))) -> 0 | N43: =IF($I43=0,0,IF(OR(N$140=0,N$1<$G43,N$1>$H43+6),0,_xlfn.LET(_xlpm.k,COUNTIFS($J$1:N$1,">="&$G43,$J$140:N$140,">0"),_xlpm.n,$I43,N$140*IF($C43="Bell",EXP(-0.5*((_xlpm.k-(_xlpm.n+1)/2)/MAX(_xlpm.n/6,0.5))^2),IF(_xlpm.n<=6,1,MIN(1,_xlpm.k/3,(_xlpm.n-_xlpm.k+1)/3)))))) -> 0 | O43: =IF($I43=0,0,IF(OR(O$140=0,O$1<$G43,O$1>$H43+6),0,_xlfn.LET(_xlpm.k,COUNTIFS($J$1:O$1,">="&$G43,$J$140:O$140,">0"),_xlpm.n,$I43,O$140*IF($C43="Bell",EXP(-0.5*((_xlpm.k-(_xlpm.n+1)/2)/MAX(_xlpm.n/6,0.5))^2),IF(_xlpm.n<=6,1,MIN(1,_xlpm.k/3,(_xlpm.n-_xlpm.k+1)/3)))))) -> 0 | P43: =IF($I43=0,0,IF(OR(P$140=0,P$1<$G43,P$1>$H43+6),0,_xlfn.LET(_xlpm.k,COUNTIFS($J$1:P$1,">="&$G43,$J$140:P$140,">0"),_xlpm.n,$I43,P$140*IF($C43="Bell",EXP(-0.5*((_xlpm.k-(_xlpm.n+1)/2)/MAX(_xlpm.n/6,0.5))^2),IF(_xlpm.n<=6,1,MIN(1,_xlpm.k/3,(_xlpm.n-_xlpm.k+1)/3)))))) -> 0 | Q43: =IF($I43=0,0,IF(OR(Q$140=0,Q$1<$G43,Q$1>$H43+6),0,_xlfn.LET(_xlpm.k,COUNTIFS($J$1:Q$1,">="&$G43,$J$140:Q$140,">0"),_xlpm.n,$I43,Q$140*IF($C43="Bell",EXP(-0.5*((_xlpm.k-(_xlpm.n+1)/2)/MAX(_xlpm.n/6,0.5))^2),IF(_xlpm.n<=6,1,MIN(1,_xlpm.k/3,(_xlpm.n-_xlpm.k+1)/3)))))) -> 0 | ... GL43: =IF($I43=0,0,IF(OR(GL$140=0,GL$1<$G43,GL$1>$H43+6),0,_xlfn.LET(_xlpm.k,COUNTIFS($J$1:GL$1,">="&$G43,$J$140:GL$140,">0"),_xlpm.n,$I43,GL$140*IF($C43="Bell",EXP(-0.5*((_xlpm.k-(_xlpm.n+1)/2)/MAX(_xlpm.n/6,0.5))^2),IF(_xlpm.n<=6,1,MIN(1,_xlpm.k/3,(_xlpm.n-_xlpm.k+1)/3)))))) -> 0
A44: =Sheet1!B44 -> 0-4107 | B44: =Sheet1!D44 -> 0-4107-Seeding & Revegetation | E44: =SUM(J44:GL44) -> 5 | G44: =IF(Sheet1!G44="","",Sheet1!G44) -> 46311 | H44: =IF(Sheet1!H44="","",Sheet1!H44) -> 46356 | I44: =IF(OR(G44="",H44=""),0,COUNTIFS($J$1:$GL$1,">="&G44,$J$1:$GL$1,"<="&H44+6,$J$140:$GL$140,">0")) -> 7 | J44: =IF($I44=0,0,IF(OR(J$140=0,J$1<$G44,J$1>$H44+6),0,_xlfn.LET(_xlpm.k,COUNTIFS($J$1:J$1,">="&$G44,$J$140:J$140,">0"),_xlpm.n,$I44,J$140*IF($C44="Bell",EXP(-0.5*((_xlpm.k-(_xlpm.n+1)/2)/MAX(_xlpm.n/6,0.5))^2),IF(_xlpm.n<=6,1,MIN(1,_xlpm.k/3,(_xlpm.n-_xlpm.k+1)/3)))))) -> 0 | K44: =IF($I44=0,0,IF(OR(K$140=0,K$1<$G44,K$1>$H44+6),0,_xlfn.LET(_xlpm.k,COUNTIFS($J$1:K$1,">="&$G44,$J$140:K$140,">0"),_xlpm.n,$I44,K$140*IF($C44="Bell",EXP(-0.5*((_xlpm.k-(_xlpm.n+1)/2)/MAX(_xlpm.n/6,0.5))^2),IF(_xlpm.n<=6,1,MIN(1,_xlpm.k/3,(_xlpm.n-_xlpm.k+1)/3)))))) -> 0 | L44: =IF($I44=0,0,IF(OR(L$140=0,L$1<$G44,L$1>$H44+6),0,_xlfn.LET(_xlpm.k,COUNTIFS($J$1:L$1,">="&$G44,$J$140:L$140,">0"),_xlpm.n,$I44,L$140*IF($C44="Bell",EXP(-0.5*((_xlpm.k-(_xlpm.n+1)/2)/MAX(_xlpm.n/6,0.5))^2),IF(_xlpm.n<=6,1,MIN(1,_xlpm.k/3,(_xlpm.n-_xlpm.k+1)/3)))))) -> 0 | M44: =IF($I44=0,0,IF(OR(M$140=0,M$1<$G44,M$1>$H44+6),0,_xlfn.LET(_xlpm.k,COUNTIFS($J$1:M$1,">="&$G44,$J$140:M$140,">0"),_xlpm.n,$I44,M$140*IF($C44="Bell",EXP(-0.5*((_xlpm.k-(_xlpm.n+1)/2)/MAX(_xlpm.n/6,0.5))^2),IF(_xlpm.n<=6,1,MIN(1,_xlpm.k/3,(_xlpm.n-_xlpm.k+1)/3)))))) -> 0 | N44: =IF($I44=0,0,IF(OR(N$140=0,N$1<$G44,N$1>$H44+6),0,_xlfn.LET(_xlpm.k,COUNTIFS($J$1:N$1,">="&$G44,$J$140:N$140,">0"),_xlpm.n,$I44,N$140*IF($C44="Bell",EXP(-0.5*((_xlpm.k-(_xlpm.n+1)/2)/MAX(_xlpm.n/6,0.5))^2),IF(_xlpm.n<=6,1,MIN(1,_xlpm.k/3,(_xlpm.n-_xlpm.k+1)/3)))))) -> 0 | O44: =IF($I44=0,0,IF(OR(O$140=0,O$1<$G44,O$1>$H44+6),0,_xlfn.LET(_xlpm.k,COUNTIFS($J$1:O$1,">="&$G44,$J$140:O$140,">0"),_xlpm.n,$I44,O$140*IF($C44="Bell",EXP(-0.5*((_xlpm.k-(_xlpm.n+1)/2)/MAX(_xlpm.n/6,0.5))^2),IF(_xlpm.n<=6,1,MIN(1,_xlpm.k/3,(_xlpm.n-_xlpm.k+1)/3)))))) -> 0 | P44: =IF($I44=0,0,IF(OR(P$140=0,P$1<$G44,P$1>$H44+6),0,_xlfn.LET(_xlpm.k,COUNTIFS($J$1:P$1,">="&$G44,$J$140:P$140,">0"),_xlpm.n,$I44,P$140*IF($C44="Bell",EXP(-0.5*((_xlpm.k-(_xlpm.n+1)/2)/MAX(_xlpm.n/6,0.5))^2),IF(_xlpm.n<=6,1,MIN(1,_xlpm.k/3,(_xlpm.n-_xlpm.k+1)/3)))))) -> 0 | Q44: =IF($I44=0,0,IF(OR(Q$140=0,Q$1<$G44,Q$1>$H44+6),0,_xlfn.LET(_xlpm.k,COUNTIFS($J$1:Q$1,">="&$G44,$J$140:Q$140,">0"),_xlpm.n,$I44,Q$140*IF($C44="Bell",EXP(-0.5*((_xlpm.k-(_xlpm.n+1)/2)/MAX(_xlpm.n/6,0.5))^2),IF(_xlpm.n<=6,1,MIN(1,_xlpm.k/3,(_xlpm.n-_xlpm.k+1)/3)))))) -> 0 | ... GL44: =IF($I44=0,0,IF(OR(GL$140=0,GL$1<$G44,GL$1>$H44+6),0,_xlfn.LET(_xlpm.k,COUNTIFS($J$1:GL$1,">="&$G44,$J$140:GL$140,">0"),_xlpm.n,$I44,GL$140*IF($C44="Bell",EXP(-0.5*((_xlpm.k-(_xlpm.n+1)/2)/MAX(_xlpm.n/6,0.5))^2),IF(_xlpm.n<=6,1,MIN(1,_xlpm.k/3,(_xlpm.n-_xlpm.k+1)/3)))))) -> 0
A45: =Sheet1!B45 -> 0-4108 | B45: =Sheet1!D45 -> 0-4108-Fences & Gates | E45: =SUM(J45:GL45) -> 8.8 | G45: =IF(Sheet1!G45="","",Sheet1!G45) -> 46344 | H45: =IF(Sheet1!H45="","",Sheet1!H45) -> 46426 | I45: =IF(OR(G45="",H45=""),0,COUNTIFS($J$1:$GL$1,">="&G45,$J$1:$GL$1,"<="&H45+6,$J$140:$GL$140,">0")) -> 11 | J45: =IF($I45=0,0,IF(OR(J$140=0,J$1<$G45,J$1>$H45+6),0,_xlfn.LET(_xlpm.k,COUNTIFS($J$1:J$1,">="&$G45,$J$140:J$140,">0"),_xlpm.n,$I45,J$140*IF($C45="Bell",EXP(-0.5*((_xlpm.k-(_xlpm.n+1)/2)/MAX(_xlpm.n/6,0.5))^2),IF(_xlpm.n<=6,1,MIN(1,_xlpm.k/3,(_xlpm.n-_xlpm.k+1)/3)))))) -> 0 | K45: =IF($I45=0,0,IF(OR(K$140=0,K$1<$G45,K$1>$H45+6),0,_xlfn.LET(_xlpm.k,COUNTIFS($J$1:K$1,">="&$G45,$J$140:K$140,">0"),_xlpm.n,$I45,K$140*IF($C45="Bell",EXP(-0.5*((_xlpm.k-(_xlpm.n+1)/2)/MAX(_xlpm.n/6,0.5))^2),IF(_xlpm.n<=6,1,MIN(1,_xlpm.k/3,(_xlpm.n-_xlpm.k+1)/3)))))) -> 0 | L45: =IF($I45=0,0,IF(OR(L$140=0,L$1<$G45,L$1>$H45+6),0,_xlfn.LET(_xlpm.k,COUNTIFS($J$1:L$1,">="&$G45,$J$140:L$140,">0"),_xlpm.n,$I45,L$140*IF($C45="Bell",EXP(-0.5*((_xlpm.k-(_xlpm.n+1)/2)/MAX(_xlpm.n/6,0.5))^2),IF(_xlpm.n<=6,1,MIN(1,_xlpm.k/3,(_xlpm.n-_xlpm.k+1)/3)))))) -> 0 | M45: =IF($I45=0,0,IF(OR(M$140=0,M$1<$G45,M$1>$H45+6),0,_xlfn.LET(_xlpm.k,COUNTIFS($J$1:M$1,">="&$G45,$J$140:M$140,">0"),_xlpm.n,$I45,M$140*IF($C45="Bell",EXP(-0.5*((_xlpm.k-(_xlpm.n+1)/2)/MAX(_xlpm.n/6,0.5))^2),IF(_xlpm.n<=6,1,MIN(1,_xlpm.k/3,(_xlpm.n-_xlpm.k+1)/3)))))) -> 0 | N45: =IF($I45=0,0,IF(OR(N$140=0,N$1<$G45,N$1>$H45+6),0,_xlfn.LET(_xlpm.k,COUNTIFS($J$1:N$1,">="&$G45,$J$140:N$140,">0"),_xlpm.n,$I45,N$140*IF($C45="Bell",EXP(-0.5*((_xlpm.k-(_xlpm.n+1)/2)/MAX(_xlpm.n/6,0.5))^2),IF(_xlpm.n<=6,1,MIN(1,_xlpm.k/3,(_xlpm.n-_xlpm.k+1)/3)))))) -> 0 | O45: =IF($I45=0,0,IF(OR(O$140=0,O$1<$G45,O$1>$H45+6),0,_xlfn.LET(_xlpm.k,COUNTIFS($J$1:O$1,">="&$G45,$J$140:O$140,">0"),_xlpm.n,$I45,O$140*IF($C45="Bell",EXP(-0.5*((_xlpm.k-(_xlpm.n+1)/2)/MAX(_xlpm.n/6,0.5))^2),IF(_xlpm.n<=6,1,MIN(1,_xlpm.k/3,(_xlpm.n-_xlpm.k+1)/3)))))) -> 0 | P45: =IF($I45=0,0,IF(OR(P$140=0,P$1<$G45,P$1>$H45+6),0,_xlfn.LET(_xlpm.k,COUNTIFS($J$1:P$1,">="&$G45,$J$140:P$140,">0"),_xlpm.n,$I45,P$140*IF($C45="Bell",EXP(-0.5*((_xlpm.k-(_xlpm.n+1)/2)/MAX(_xlpm.n/6,0.5))^2),IF(_xlpm.n<=6,1,MIN(1,_xlpm.k/3,(_xlpm.n-_xlpm.k+1)/3)))))) -> 0 | Q45: =IF($I45=0,0,IF(OR(Q$140=0,Q$1<$G45,Q$1>$H45+6),0,_xlfn.LET(_xlpm.k,COUNTIFS($J$1:Q$1,">="&$G45,$J$140:Q$140,">0"),_xlpm.n,$I45,Q$140*IF($C45="Bell",EXP(-0.5*((_xlpm.k-(_xlpm.n+1)/2)/MAX(_xlpm.n/6,0.5))^2),IF(_xlpm.n<=6,1,MIN(1,_xlpm.k/3,(_xlpm.n-_xlpm.k+1)/3)))))) -> 0 | ... GL45: =IF($I45=0,0,IF(OR(GL$140=0,GL$1<$G45,GL$1>$H45+6),0,_xlfn.LET(_xlpm.k,COUNTIFS($J$1:GL$1,">="&$G45,$J$140:GL$140,">0"),_xlpm.n,$I45,GL$140*IF($C45="Bell",EXP(-0.5*((_xlpm.k-(_xlpm.n+1)/2)/MAX(_xlpm.n/6,0.5))^2),IF(_xlpm.n<=6,1,MIN(1,_xlpm.k/3,(_xlpm.n-_xlpm.k+1)/3)))))) -> 0
A46: =Sheet1!B46 -> 0-4109 | B46: =Sheet1!D46 -> 0-4109-Site Roadways | E46: =SUM(J46:GL46) -> 6 | G46: =IF(Sheet1!G46="","",Sheet1!G46) -> 46311 | H46: =IF(Sheet1!H46="","",Sheet1!H46) -> 46364 | I46: =IF(OR(G46="",H46=""),0,COUNTIFS($J$1:$GL$1,">="&G46,$J$1:$GL$1,"<="&H46+6,$J$140:$GL$140,">0")) -> 8 | J46: =IF($I46=0,0,IF(OR(J$140=0,J$1<$G46,J$1>$H46+6),0,_xlfn.LET(_xlpm.k,COUNTIFS($J$1:J$1,">="&$G46,$J$140:J$140,">0"),_xlpm.n,$I46,J$140*IF($C46="Bell",EXP(-0.5*((_xlpm.k-(_xlpm.n+1)/2)/MAX(_xlpm.n/6,0.5))^2),IF(_xlpm.n<=6,1,MIN(1,_xlpm.k/3,(_xlpm.n-_xlpm.k+1)/3)))))) -> 0 | K46: =IF($I46=0,0,IF(OR(K$140=0,K$1<$G46,K$1>$H46+6),0,_xlfn.LET(_xlpm.k,COUNTIFS($J$1:K$1,">="&$G46,$J$140:K$140,">0"),_xlpm.n,$I46,K$140*IF($C46="Bell",EXP(-0.5*((_xlpm.k-(_xlpm.n+1)/2)/MAX(_xlpm.n/6,0.5))^2),IF(_xlpm.n<=6,1,MIN(1,_xlpm.k/3,(_xlpm.n-_xlpm.k+1)/3)))))) -> 0 | L46: =IF($I46=0,0,IF(OR(L$140=0,L$1<$G46,L$1>$H46+6),0,_xlfn.LET(_xlpm.k,COUNTIFS($J$1:L$1,">="&$G46,$J$140:L$140,">0"),_xlpm.n,$I46,L$140*IF($C46="Bell",EXP(-0.5*((_xlpm.k-(_xlpm.n+1)/2)/MAX(_xlpm.n/6,0.5))^2),IF(_xlpm.n<=6,1,MIN(1,_xlpm.k/3,(_xlpm.n-_xlpm.k+1)/3)))))) -> 0 | M46: =IF($I46=0,0,IF(OR(M$140=0,M$1<$G46,M$1>$H46+6),0,_xlfn.LET(_xlpm.k,COUNTIFS($J$1:M$1,">="&$G46,$J$140:M$140,">0"),_xlpm.n,$I46,M$140*IF($C46="Bell",EXP(-0.5*((_xlpm.k-(_xlpm.n+1)/2)/MAX(_xlpm.n/6,0.5))^2),IF(_xlpm.n<=6,1,MIN(1,_xlpm.k/3,(_xlpm.n-_xlpm.k+1)/3)))))) -> 0 | N46: =IF($I46=0,0,IF(OR(N$140=0,N$1<$G46,N$1>$H46+6),0,_xlfn.LET(_xlpm.k,COUNTIFS($J$1:N$1,">="&$G46,$J$140:N$140,">0"),_xlpm.n,$I46,N$140*IF($C46="Bell",EXP(-0.5*((_xlpm.k-(_xlpm.n+1)/2)/MAX(_xlpm.n/6,0.5))^2),IF(_xlpm.n<=6,1,MIN(1,_xlpm.k/3,(_xlpm.n-_xlpm.k+1)/3)))))) -> 0 | O46: =IF($I46=0,0,IF(OR(O$140=0,O$1<$G46,O$1>$H46+6),0,_xlfn.LET(_xlpm.k,COUNTIFS($J$1:O$1,">="&$G46,$J$140:O$140,">0"),_xlpm.n,$I46,O$140*IF($C46="Bell",EXP(-0.5*((_xlpm.k-(_xlpm.n+1)/2)/MAX(_xlpm.n/6,0.5))^2),IF(_xlpm.n<=6,1,MIN(1,_xlpm.k/3,(_xlpm.n-_xlpm.k+1)/3)))))) -> 0 | P46: =IF($I46=0,0,IF(OR(P$140=0,P$1<$G46,P$1>$H46+6),0,_xlfn.LET(_xlpm.k,COUNTIFS($J$1:P$1,">="&$G46,$J$140:P$140,">0"),_xlpm.n,$I46,P$140*IF($C46="Bell",EXP(-0.5*((_xlpm.k-(_xlpm.n+1)/2)/MAX(_xlpm.n/6,0.5))^2),IF(_xlpm.n<=6,1,MIN(1,_xlpm.k/3,(_xlpm.n-_xlpm.k+1)/3)))))) -> 0 | Q46: =IF($I46=0,0,IF(OR(Q$140=0,Q$1<$G46,Q$1>$H46+6),0,_xlfn.LET(_xlpm.k,COUNTIFS($J$1:Q$1,">="&$G46,$J$140:Q$140,">0"),_xlpm.n,$I46,Q$140*IF($C46="Bell",EXP(-0.5*((_xlpm.k-(_xlpm.n+1)/2)/MAX(_xlpm.n/6,0.5))^2),IF(_xlpm.n<=6,1,MIN(1,_xlpm.k/3,(_xlpm.n-_xlpm.k+1)/3)))))) -> 0 | ... GL46: =IF($I46=0,0,IF(OR(GL$140=0,GL$1<$G46,GL$1>$H46+6),0,_xlfn.LET(_xlpm.k,COUNTIFS($J$1:GL$1,">="&$G46,$J$140:GL$140,">0"),_xlpm.n,$I46,GL$140*IF($C46="Bell",EXP(-0.5*((_xlpm.k-(_xlpm.n+1)/2)/MAX(_xlpm.n/6,0.5))^2),IF(_xlpm.n<=6,1,MIN(1,_xlpm.k/3,(_xlpm.n-_xlpm.k+1)/3)))))) -> 0
A47: =Sheet1!B47 -> 0-4110 | B47: =Sheet1!D47 -> 0-4110-Ditches | E47: =SUM(J47:GL47) -> 6 | G47: =IF(Sheet1!G47="","",Sheet1!G47) -> 46310 | H47: =IF(Sheet1!H47="","",Sheet1!H47) -> 46365 | I47: =IF(OR(G47="",H47=""),0,COUNTIFS($J$1:$GL$1,">="&G47,$J$1:$GL$1,"<="&H47+6,$J$140:$GL$140,">0")) -> 8 | J47: =IF($I47=0,0,IF(OR(J$140=0,J$1<$G47,J$1>$H47+6),0,_xlfn.LET(_xlpm.k,COUNTIFS($J$1:J$1,">="&$G47,$J$140:J$140,">0"),_xlpm.n,$I47,J$140*IF($C47="Bell",EXP(-0.5*((_xlpm.k-(_xlpm.n+1)/2)/MAX(_xlpm.n/6,0.5))^2),IF(_xlpm.n<=6,1,MIN(1,_xlpm.k/3,(_xlpm.n-_xlpm.k+1)/3)))))) -> 0 | K47: =IF($I47=0,0,IF(OR(K$140=0,K$1<$G47,K$1>$H47+6),0,_xlfn.LET(_xlpm.k,COUNTIFS($J$1:K$1,">="&$G47,$J$140:K$140,">0"),_xlpm.n,$I47,K$140*IF($C47="Bell",EXP(-0.5*((_xlpm.k-(_xlpm.n+1)/2)/MAX(_xlpm.n/6,0.5))^2),IF(_xlpm.n<=6,1,MIN(1,_xlpm.k/3,(_xlpm.n-_xlpm.k+1)/3)))))) -> 0 | L47: =IF($I47=0,0,IF(OR(L$140=0,L$1<$G47,L$1>$H47+6),0,_xlfn.LET(_xlpm.k,COUNTIFS($J$1:L$1,">="&$G47,$J$140:L$140,">0"),_xlpm.n,$I47,L$140*IF($C47="Bell",EXP(-0.5*((_xlpm.k-(_xlpm.n+1)/2)/MAX(_xlpm.n/6,0.5))^2),IF(_xlpm.n<=6,1,MIN(1,_xlpm.k/3,(_xlpm.n-_xlpm.k+1)/3)))))) -> 0 | M47: =IF($I47=0,0,IF(OR(M$140=0,M$1<$G47,M$1>$H47+6),0,_xlfn.LET(_xlpm.k,COUNTIFS($J$1:M$1,">="&$G47,$J$140:M$140,">0"),_xlpm.n,$I47,M$140*IF($C47="Bell",EXP(-0.5*((_xlpm.k-(_xlpm.n+1)/2)/MAX(_xlpm.n/6,0.5))^2),IF(_xlpm.n<=6,1,MIN(1,_xlpm.k/3,(_xlpm.n-_xlpm.k+1)/3)))))) -> 0 | N47: =IF($I47=0,0,IF(OR(N$140=0,N$1<$G47,N$1>$H47+6),0,_xlfn.LET(_xlpm.k,COUNTIFS($J$1:N$1,">="&$G47,$J$140:N$140,">0"),_xlpm.n,$I47,N$140*IF($C47="Bell",EXP(-0.5*((_xlpm.k-(_xlpm.n+1)/2)/MAX(_xlpm.n/6,0.5))^2),IF(_xlpm.n<=6,1,MIN(1,_xlpm.k/3,(_xlpm.n-_xlpm.k+1)/3)))))) -> 0 | O47: =IF($I47=0,0,IF(OR(O$140=0,O$1<$G47,O$1>$H47+6),0,_xlfn.LET(_xlpm.k,COUNTIFS($J$1:O$1,">="&$G47,$J$140:O$140,">0"),_xlpm.n,$I47,O$140*IF($C47="Bell",EXP(-0.5*((_xlpm.k-(_xlpm.n+1)/2)/MAX(_xlpm.n/6,0.5))^2),IF(_xlpm.n<=6,1,MIN(1,_xlpm.k/3,(_xlpm.n-_xlpm.k+1)/3)))))) -> 0 | P47: =IF($I47=0,0,IF(OR(P$140=0,P$1<$G47,P$1>$H47+6),0,_xlfn.LET(_xlpm.k,COUNTIFS($J$1:P$1,">="&$G47,$J$140:P$140,">0"),_xlpm.n,$I47,P$140*IF($C47="Bell",EXP(-0.5*((_xlpm.k-(_xlpm.n+1)/2)/MAX(_xlpm.n/6,0.5))^2),IF(_xlpm.n<=6,1,MIN(1,_xlpm.k/3,(_xlpm.n-_xlpm.k+1)/3)))))) -> 0 | Q47: =IF($I47=0,0,IF(OR(Q$140=0,Q$1<$G47,Q$1>$H47+6),0,_xlfn.LET(_xlpm.k,COUNTIFS($J$1:Q$1,">="&$G47,$J$140:Q$140,">0"),_xlpm.n,$I47,Q$140*IF($C47="Bell",EXP(-0.5*((_xlpm.k-(_xlpm.n+1)/2)/MAX(_xlpm.n/6,0.5))^2),IF(_xlpm.n<=6,1,MIN(1,_xlpm.k/3,(_xlpm.n-_xlpm.k+1)/3)))))) -> 0 | ... GL47: =IF($I47=0,0,IF(OR(GL$140=0,GL$1<$G47,GL$1>$H47+6),0,_xlfn.LET(_xlpm.k,COUNTIFS($J$1:GL$1,">="&$G47,$J$140:GL$140,">0"),_xlpm.n,$I47,GL$140*IF($C47="Bell",EXP(-0.5*((_xlpm.k-(_xlpm.n+1)/2)/MAX(_xlpm.n/6,0.5))^2),IF(_xlpm.n<=6,1,MIN(1,_xlpm.k/3,(_xlpm.n-_xlpm.k+1)/3)))))) -> 0
... A138: =Sheet1!B138 -> 0 | B138: =Sheet1!D138 -> 0 | E138: =SUM(J138:GL138) -> 0 | G138: =IF(Sheet1!G138="","",Sheet1!G138) | H138: =IF(Sheet1!H138="","",Sheet1!H138) | I138: =IF(OR(G138="",H138=""),0,COUNTIFS($J$1:$GL$1,">="&G138,$J$1:$GL$1,"<="&H138+6,$J$140:$GL$140,">0")) -> 0 | J138: =IF($I138=0,0,IF(OR(J$140=0,J$1<$G138,J$1>$H138+6),0,_xlfn.LET(_xlpm.k,COUNTIFS($J$1:J$1,">="&$G138,$J$140:J$140,">0"),_xlpm.n,$I138,J$140*IF($C138="Bell",EXP(-0.5*((_xlpm.k-(_xlpm.n+1)/2)/MAX(_xlpm.n/6,0.5))^2),IF(_xlpm.n<=6,1,MIN(1,_xlpm.k/3,(_xlpm.n-_xlpm.k+1)/3)))))) -> 0 | K138: =IF($I138=0,0,IF(OR(K$140=0,K$1<$G138,K$1>$H138+6),0,_xlfn.LET(_xlpm.k,COUNTIFS($J$1:K$1,">="&$G138,$J$140:K$140,">0"),_xlpm.n,$I138,K$140*IF($C138="Bell",EXP(-0.5*((_xlpm.k-(_xlpm.n+1)/2)/MAX(_xlpm.n/6,0.5))^2),IF(_xlpm.n<=6,1,MIN(1,_xlpm.k/3,(_xlpm.n-_xlpm.k+1)/3)))))) -> 0 | L138: =IF($I138=0,0,IF(OR(L$140=0,L$1<$G138,L$1>$H138+6),0,_xlfn.LET(_xlpm.k,COUNTIFS($J$1:L$1,">="&$G138,$J$140:L$140,">0"),_xlpm.n,$I138,L$140*IF($C138="Bell",EXP(-0.5*((_xlpm.k-(_xlpm.n+1)/2)/MAX(_xlpm.n/6,0.5))^2),IF(_xlpm.n<=6,1,MIN(1,_xlpm.k/3,(_xlpm.n-_xlpm.k+1)/3)))))) -> 0 | M138: =IF($I138=0,0,IF(OR(M$140=0,M$1<$G138,M$1>$H138+6),0,_xlfn.LET(_xlpm.k,COUNTIFS($J$1:M$1,">="&$G138,$J$140:M$140,">0"),_xlpm.n,$I138,M$140*IF($C138="Bell",EXP(-0.5*((_xlpm.k-(_xlpm.n+1)/2)/MAX(_xlpm.n/6,0.5))^2),IF(_xlpm.n<=6,1,MIN(1,_xlpm.k/3,(_xlpm.n-_xlpm.k+1)/3)))))) -> 0 | N138: =IF($I138=0,0,IF(OR(N$140=0,N$1<$G138,N$1>$H138+6),0,_xlfn.LET(_xlpm.k,COUNTIFS($J$1:N$1,">="&$G138,$J$140:N$140,">0"),_xlpm.n,$I138,N$140*IF($C138="Bell",EXP(-0.5*((_xlpm.k-(_xlpm.n+1)/2)/MAX(_xlpm.n/6,0.5))^2),IF(_xlpm.n<=6,1,MIN(1,_xlpm.k/3,(_xlpm.n-_xlpm.k+1)/3)))))) -> 0 | O138: =IF($I138=0,0,IF(OR(O$140=0,O$1<$G138,O$1>$H138+6),0,_xlfn.LET(_xlpm.k,COUNTIFS($J$1:O$1,">="&$G138,$J$140:O$140,">0"),_xlpm.n,$I138,O$140*IF($C138="Bell",EXP(-0.5*((_xlpm.k-(_xlpm.n+1)/2)/MAX(_xlpm.n/6,0.5))^2),IF(_xlpm.n<=6,1,MIN(1,_xlpm.k/3,(_xlpm.n-_xlpm.k+1)/3)))))) -> 0 | P138: =IF($I138=0,0,IF(OR(P$140=0,P$1<$G138,P$1>$H138+6),0,_xlfn.LET(_xlpm.k,COUNTIFS($J$1:P$1,">="&$G138,$J$140:P$140,">0"),_xlpm.n,$I138,P$140*IF($C138="Bell",EXP(-0.5*((_xlpm.k-(_xlpm.n+1)/2)/MAX(_xlpm.n/6,0.5))^2),IF(_xlpm.n<=6,1,MIN(1,_xlpm.k/3,(_xlpm.n-_xlpm.k+1)/3)))))) -> 0 | Q138: =IF($I138=0,0,IF(OR(Q$140=0,Q$1<$G138,Q$1>$H138+6),0,_xlfn.LET(_xlpm.k,COUNTIFS($J$1:Q$1,">="&$G138,$J$140:Q$140,">0"),_xlpm.n,$I138,Q$140*IF($C138="Bell",EXP(-0.5*((_xlpm.k-(_xlpm.n+1)/2)/MAX(_xlpm.n/6,0.5))^2),IF(_xlpm.n<=6,1,MIN(1,_xlpm.k/3,(_xlpm.n-_xlpm.k+1)/3)))))) -> 0 | ... GL138: =IF($I138=0,0,IF(OR(GL$140=0,GL$1<$G138,GL$1>$H138+6),0,_xlfn.LET(_xlpm.k,COUNTIFS($J$1:GL$1,">="&$G138,$J$140:GL$140,">0"),_xlpm.n,$I138,GL$140*IF($C138="Bell",EXP(-0.5*((_xlpm.k-(_xlpm.n+1)/2)/MAX(_xlpm.n/6,0.5))^2),IF(_xlpm.n<=6,1,MIN(1,_xlpm.k/3,(_xlpm.n-_xlpm.k+1)/3)))))) -> 0
C140: Curve: blank = Standard (2-wk ramp up/down if >6 wks). Bell = normal curve centered on the code's duration. | I140: Holiday Factor | J140: =IF(COUNTIFS(Holidays!$B$2:$B$100,">="&J$1-6,Holidays!$B$2:$B$100,"<="&J$1)=0,1,_xlfn.MINIFS(Holidays!$D$2:$D$100,Holidays!$B$2:$B$100,">="&J$1-6,Holidays!$B$2:$B$100,"<="&J$1)) -> 1 | K140: =IF(COUNTIFS(Holidays!$B$2:$B$100,">="&K$1-6,Holidays!$B$2:$B$100,"<="&K$1)=0,1,_xlfn.MINIFS(Holidays!$D$2:$D$100,Holidays!$B$2:$B$100,">="&K$1-6,Holidays!$B$2:$B$100,"<="&K$1)) -> 1 | L140: =IF(COUNTIFS(Holidays!$B$2:$B$100,">="&L$1-6,Holidays!$B$2:$B$100,"<="&L$1)=0,1,_xlfn.MINIFS(Holidays!$D$2:$D$100,Holidays!$B$2:$B$100,">="&L$1-6,Holidays!$B$2:$B$100,"<="&L$1)) -> 0.8 | M140: =IF(COUNTIFS(Holidays!$B$2:$B$100,">="&M$1-6,Holidays!$B$2:$B$100,"<="&M$1)=0,1,_xlfn.MINIFS(Holidays!$D$2:$D$100,Holidays!$B$2:$B$100,">="&M$1-6,Holidays!$B$2:$B$100,"<="&M$1)) -> 1 | N140: =IF(COUNTIFS(Holidays!$B$2:$B$100,">="&N$1-6,Holidays!$B$2:$B$100,"<="&N$1)=0,1,_xlfn.MINIFS(Holidays!$D$2:$D$100,Holidays!$B$2:$B$100,">="&N$1-6,Holidays!$B$2:$B$100,"<="&N$1)) -> 1 | O140: =IF(COUNTIFS(Holidays!$B$2:$B$100,">="&O$1-6,Holidays!$B$2:$B$100,"<="&O$1)=0,1,_xlfn.MINIFS(Holidays!$D$2:$D$100,Holidays!$B$2:$B$100,">="&O$1-6,Holidays!$B$2:$B$100,"<="&O$1)) -> 1 | P140: =IF(COUNTIFS(Holidays!$B$2:$B$100,">="&P$1-6,Holidays!$B$2:$B$100,"<="&P$1)=0,1,_xlfn.MINIFS(Holidays!$D$2:$D$100,Holidays!$B$2:$B$100,">="&P$1-6,Holidays!$B$2:$B$100,"<="&P$1)) -> 1 | Q140: =IF(COUNTIFS(Holidays!$B$2:$B$100,">="&Q$1-6,Holidays!$B$2:$B$100,"<="&Q$1)=0,1,_xlfn.MINIFS(Holidays!$D$2:$D$100,Holidays!$B$2:$B$100,">="&Q$1-6,Holidays!$B$2:$B$100,"<="&Q$1)) -> 1 | ... GL140: =IF(COUNTIFS(Holidays!$B$2:$B$100,">="&GL$1-6,Holidays!$B$2:$B$100,"<="&GL$1)=0,1,_xlfn.MINIFS(Holidays!$D$2:$D$100,Holidays!$B$2:$B$100,">="&GL$1-6,Holidays!$B$2:$B$100,"<="&GL$1)) -> 0
